Date,BDTI_Price,BrentOil_Price
14-03-2013,669,108.1
15-03-2013,663,109.32
18-03-2013,662,108.54
19-03-2013,659,106.91
20-03-2013,664,108.27
21-03-2013,671,106.41
22-03-2013,677,106.51
25-03-2013,675,106.66
26-03-2013,669,107.1
27-03-2013,663,108.51
28-03-2013,661,108.46
02-04-2013,658,109.66
03-04-2013,659,107.82
04-04-2013,677,105.09
05-04-2013,707,103.98
08-04-2013,712,103.16
09-04-2013,709,104.08
10-04-2013,702,104.8
11-04-2013,682,103.62
12-04-2013,674,100.58
15-04-2013,663,99.32
16-04-2013,638,97.88
17-04-2013,630,96.84
18-04-2013,632,97.48
19-04-2013,634,98.94
22-04-2013,638,99.07
23-04-2013,638,99.25
24-04-2013,626,100.71
25-04-2013,622,101.62
26-04-2013,623,102.39
29-04-2013,621,102.88
30-04-2013,619,101.53
01-05-2013,623,98.34
02-05-2013,623,100.32
03-05-2013,622,104.6
07-05-2013,620,105.18
08-05-2013,616,103.79
09-05-2013,620,103.59
10-05-2013,617,101.31
13-05-2013,615,102.17
14-05-2013,615,102.7
15-05-2013,614,101.57
16-05-2013,611,104.27
17-05-2013,612,103.83
20-05-2013,609,104.55
21-05-2013,605,103.1
22-05-2013,603,102.14
23-05-2013,604,100.46
24-05-2013,606,101.24
28-05-2013,609,103.77
29-05-2013,614,102.14
30-05-2013,614,101.79
31-05-2013,612,100.43
03-06-2013,610,101.63
04-06-2013,609,102.04
05-06-2013,608,103.51
06-06-2013,605,103.37
07-06-2013,602,104.07
10-06-2013,603,103.87
11-06-2013,601,101.5
12-06-2013,594,103.11
13-06-2013,590,103.38
14-06-2013,587,105.1
17-06-2013,586,105.8
18-06-2013,583,105.21
19-06-2013,580,105.56
20-06-2013,580,102.72
21-06-2013,584,100.36
24-06-2013,583,99.8
25-06-2013,580,101.51
26-06-2013,577,100.62
27-06-2013,577,102.74
28-06-2013,577,102.49
01-07-2013,580,103.19
02-07-2013,587,103.96
03-07-2013,589,106.12
04-07-2013,598,
05-07-2013,603,107.46
08-07-2013,606,107.75
09-07-2013,609,107.9
10-07-2013,611,108.43
11-07-2013,613,108.18
12-07-2013,612,109.03
15-07-2013,611,109.05
16-07-2013,609,109.29
17-07-2013,617,109.67
18-07-2013,630,109.71
19-07-2013,650,109.34
22-07-2013,650,108.82
23-07-2013,649,109.27
24-07-2013,646,108.23
25-07-2013,650,108.1
26-07-2013,653,107.57
29-07-2013,650,108.1
30-07-2013,638,107.47
31-07-2013,624,107.89
01-08-2013,618,109.94
02-08-2013,618,109.63
05-08-2013,618,109.81
06-08-2013,618,108.77
07-08-2013,621,108.39
08-08-2013,629,107.32
09-08-2013,632,108.49
12-08-2013,631,109.28
13-08-2013,631,110.69
14-08-2013,642,110.26
15-08-2013,645,111.58
16-08-2013,644,111.82
19-08-2013,647,111.41
20-08-2013,653,110.74
21-08-2013,663,110.82
22-08-2013,663,110.51
23-08-2013,658,112.12
27-08-2013,645,115.21
28-08-2013,642,116.27
29-08-2013,630,116.91
30-08-2013,622,115.97
02-09-2013,618,
03-09-2013,608,115.49
04-09-2013,604,115.65
05-09-2013,598,115.81
06-09-2013,593,117.15
09-09-2013,587,115.2
10-09-2013,583,112.1
11-09-2013,583,112.37
12-09-2013,585,113.11
13-09-2013,583,113.31
16-09-2013,582,110.86
17-09-2013,582,109.05
18-09-2013,580,109.09
19-09-2013,580,110.66
20-09-2013,589,110.22
23-09-2013,585,108.56
24-09-2013,586,107.68
25-09-2013,588,109.46
26-09-2013,587,108.86
27-09-2013,586,109.45
30-09-2013,584,107.85
01-10-2013,586,107.32
02-10-2013,587,109.09
02-10-2013,680,109.09
03-10-2013,594,109.49
03-10-2013,694,109.49
04-10-2013,601,109.42
04-10-2013,699,109.42
07-10-2013,599,109.66
08-10-2013,601,110.56
09-10-2013,595,109.02
09-10-2013,759,109.02
10-10-2013,591,111.63
10-10-2013,780,111.63
11-10-2013,795,110.65
11-10-2013,587,110.65
14-10-2013,586,110.13
15-10-2013,589,110.67
16-10-2013,607,110.79
16-10-2013,829,110.79
17-10-2013,617,109.55
17-10-2013,853,109.55
18-10-2013,621,109.4
18-10-2013,870,109.4
21-10-2013,621,109.47
22-10-2013,617,109.57
23-10-2013,997,107.74
23-10-2013,614,107.74
24-10-2013,596,106.63
24-10-2013,997,106.63
25-10-2013,600,105.7
28-10-2013,599,108.29
29-10-2013,596,108.04
30-10-2013,591,108.41
31-10-2013,595,107.53
01-11-2013,604,105.78
04-11-2013,608,104.85
05-11-2013,615,105.01
06-11-2013,623,105.46
07-11-2013,631,103.08
08-11-2013,635,104.29
11-11-2013,635,105.76
12-11-2013,639,106.29
13-11-2013,643,106.9
14-11-2013,647,108.29
15-11-2013,642,108.25
18-11-2013,647,108.8
19-11-2013,650,108.29
20-11-2013,655,108.27
21-11-2013,652,109.9
22-11-2013,652,111.36
25-11-2013,652,110.83
26-11-2013,653,112.04
27-11-2013,666,111.32
28-11-2013,673,
29-11-2013,674,111.07
02-01-2014,1021,107.94
03-01-2014,1026,106.57
06-01-2014,1006,106.71
07-01-2014,1014,107.01
08-01-2014,1026,107.42
09-01-2014,1041,107.49
10-01-2014,1051,106.44
13-01-2014,1053,108.02
14-01-2014,1090,107.12
15-01-2014,1142,108.09
16-01-2014,1222,107.46
17-01-2014,1273,108.45
20-01-2014,1344,108.01
21-01-2014,1340,109.17
22-01-2014,1323,109.69
23-01-2014,1243,109.69
24-01-2014,1186,109.14
27-01-2014,1132,108.72
28-01-2014,1099,109.1
29-01-2014,1065,108.83
30-01-2014,1037,109.36
31-01-2014,1005,108.16
03-02-2014,958,106.55
04-02-2014,926,107.04
05-02-2014,890,106.81
06-02-2014,866,108.15
07-02-2014,853,110.12
10-02-2014,852,110.18
12-02-2014,829,108.62
13-02-2014,818,108.98
14-02-2014,811,108.63
17-02-2014,802,
18-02-2014,783,110.14
19-02-2014,772,110.37
20-02-2014,770,109.42
21-02-2014,761,109.03
24-02-2014,753,109.76
25-02-2014,750,109.19
26-02-2014,741,109.39
27-02-2014,737,108.54
28-02-2014,726,108.98
03-03-2014,717,111.26
04-03-2014,711,109.17
05-03-2014,702,108.15
06-03-2014,695,107.99
07-03-2014,689,109.14
10-03-2014,692,108.27
11-03-2014,681,108.35
12-03-2014,678,107.88
13-03-2014,676,107.48
14-03-2014,679,108.08
17-03-2014,682,106.99
18-03-2014,695,106.79
19-03-2014,699,105.95
20-03-2014,711,105.73
21-03-2014,712,107.2
24-03-2014,712,106.59
25-03-2014,711,107.01
26-03-2014,711,105.9
27-03-2014,709,106.58
28-03-2014,705,106.64
31-03-2014,700,105.95
01-04-2014,694,105.7
02-04-2014,691,103.37
03-04-2014,688,104.88
04-04-2014,696,106.41
07-04-2014,696,104.89
08-04-2014,691,105.83
09-04-2014,693,107.39
10-04-2014,692,107.1
11-04-2014,693,107.34
14-04-2014,690,107.68
15-04-2014,693,109.1
16-04-2014,686,109.71
17-04-2014,677,109.79
22-04-2014,673,108.54
23-04-2014,666,108.48
24-04-2014,658,109.79
25-04-2014,657,109.53
28-04-2014,655,109.12
29-04-2014,651,109.89
30-04-2014,648,108.63
01-05-2014,644,108.63
02-05-2014,647,109.48
06-05-2014,648,108.3
07-05-2014,655,108.17
08-05-2014,665,108.19
09-05-2014,664,108.26
12-05-2014,661,108.37
13-05-2014,658,108.78
14-05-2014,657,109.87
15-05-2014,656,109.74
16-05-2014,652,110.9
19-05-2014,649,110.84
20-05-2014,651,110.35
21-05-2014,669,111.32
22-05-2014,684,110.89
23-05-2014,691,110.19
27-05-2014,682,109.81
28-05-2014,674,109.09
29-05-2014,667,109.98
30-05-2014,657,109.21
02-06-2014,651,109.34
03-06-2014,641,108.87
04-06-2014,635,109.07
05-06-2014,630,108.43
06-06-2014,635,109.21
09-06-2014,636,110.55
10-06-2014,637,109.18
11-06-2014,637,109.83
12-06-2014,635,112.18
13-06-2014,641,113.15
16-06-2014,641,113.42
17-06-2014,650,114.02
18-06-2014,672,114.25
19-06-2014,712,115.19
20-06-2014,715,114.55
23-06-2014,717,113.62
24-06-2014,717,113.74
25-06-2014,717,112.84
26-06-2014,723,112.61
27-06-2014,721,112.62
30-06-2014,724,111.03
01-07-2014,728,110.84
02-07-2014,747,110.18
03-07-2014,750,108.98
04-07-2014,741,
07-07-2014,736,108.7
08-07-2014,739,107.65
09-07-2014,752,106.84
10-07-2014,774,106.2
11-07-2014,786,105.77
14-07-2014,796,104.73
15-07-2014,820,104.73
16-07-2014,884,105.41
17-07-2014,896,106.04
18-07-2014,906,106.03
21-07-2014,918,105.71
22-07-2014,955,106.48
23-07-2014,946,106.85
24-07-2014,931,105.78
25-07-2014,891,106.89
28-07-2014,862,106.7
29-07-2014,848,106.98
30-07-2014,842,106.47
31-07-2014,833,104.94
01-08-2014,826,103.45
04-08-2014,815,103.63
05-08-2014,800,102.82
06-08-2014,794,104.17
07-08-2014,811,104.02
08-08-2014,807,103.36
11-08-2014,793,103.47
12-08-2014,762,101.68
13-08-2014,753,102.27
14-08-2014,748,101.15
15-08-2014,747,101.13
18-08-2014,749,99.37
19-08-2014,759,99.74
20-08-2014,768,99.92
21-08-2014,761,100.28
22-08-2014,759,100.09
26-08-2014,742,100.5
27-08-2014,735,100.4
28-08-2014,722,100.71
29-08-2014,699,101.12
01-09-2014,693,
02-09-2014,687,100.21
03-09-2014,682,100.88
04-09-2014,677,101.21
05-09-2014,674,99.51
08-09-2014,665,99.53
09-09-2014,660,98.08
10-09-2014,652,96.26
11-09-2014,645,96.42
12-09-2014,640,96.31
15-09-2014,635,96.43
16-09-2014,630,97.39
17-09-2014,625,97.7
18-09-2014,615,96.82
19-09-2014,612,96.75
22-09-2014,607,95.37
23-09-2014,604,94.87
24-09-2014,605,94.53
25-09-2014,608,95.2
26-09-2014,611,95.08
29-09-2014,613,95.7
30-09-2014,623,94.67
01-10-2014,639,94.57
02-10-2014,639,91.29
03-10-2014,645,90.8
06-10-2014,649,90.65
07-10-2014,657,90.9
08-10-2014,664,90.25
09-10-2014,674,90.47
10-10-2014,678,88.66
13-10-2014,683,87.82
14-10-2014,689,86.36
15-10-2014,694,84.02
16-10-2014,698,84.02
17-10-2014,700,85.27
20-10-2014,702,84.42
21-10-2014,703,85.17
22-10-2014,699,86.38
23-10-2014,699,85.94
24-10-2014,716,86
27-10-2014,735,85.64
28-10-2014,754,85.57
29-10-2014,777,86.91
30-10-2014,795,85.5
31-10-2014,809,84.17
03-11-2014,813,84.9
04-11-2014,820,82.12
05-11-2014,825,82.88
06-11-2014,833,82.08
07-11-2014,839,83.2
10-11-2014,839,82.9
11-11-2014,835,80.94
12-11-2014,843,80.42
13-11-2014,865,77.74
14-11-2014,871,77.51
17-11-2014,909,76.86
18-11-2014,937,77.23
19-11-2014,964,77.21
20-11-2014,973,77.61
21-11-2014,975,79.2
24-11-2014,960,79.62
25-11-2014,947,77.62
26-11-2014,939,77.39
27-11-2014,893,
28-11-2014,866,71.89
01-12-2014,851,70.87
02-12-2014,833,71.13
03-12-2014,826,70.13
04-12-2014,818,68.48
05-12-2014,815,68
08-12-2014,818,65.64
09-12-2014,824,66.11
10-12-2014,835,63.32
11-12-2014,842,63.65
12-12-2014,857,61.67
15-12-2014,871,61.09
16-12-2014,886,60.26
17-12-2014,888,59.84
18-12-2014,881,58.81
19-12-2014,877,58.87
22-12-2014,872,58.31
23-12-2014,862,59.07
24-12-2014,862,58.67
02-01-2015,885,55.38
05-01-2015,884,51.08
06-01-2015,884,50.12
07-01-2015,884,49.06
08-01-2015,895,49.43
09-01-2015,905,47.64
12-01-2015,914,46.9
13-01-2015,933,45.13
14-01-2015,937,45.82
15-01-2015,942,47.66
16-01-2015,950,47.38
20-01-2015,953,46.49
21-01-2015,946,46.5
22-01-2015,934,46.09
23-01-2015,917,46.69
26-01-2015,889,46.07
27-01-2015,878,46.55
28-01-2015,870,47.07
29-01-2015,868,46.61
30-01-2015,863,47.52
02-02-2015,894,51.74
03-02-2015,904,54.41
04-02-2015,910,55.07
05-02-2015,922,55.98
06-02-2015,920,55.88
09-02-2015,900,57
10-02-2015,886,55.79
11-02-2015,870,53.48
12-02-2015,867,56.23
13-02-2015,863,60.33
16-02-2015,853,61.57
17-02-2015,841,60.78
18-02-2015,845,60.72
19-02-2015,841,58.78
20-02-2015,840,60.99
23-02-2015,838,59.78
24-02-2015,838,60.33
25-02-2015,838,59.77
26-02-2015,837,61.39
27-02-2015,841,61.89
02-03-2015,835,60.75
03-03-2015,835,61.18
04-03-2015,844,59.18
05-03-2015,851,60.33
06-03-2015,848,59.15
09-03-2015,837,58.67
10-03-2015,827,55.95
11-03-2015,818,56.46
12-03-2015,816,56.66
13-03-2015,812,54.8
16-03-2015,809,52
17-03-2015,796,52.17
18-03-2015,783,52.59
19-03-2015,772,52.96
20-03-2015,769,53.88
23-03-2015,786,53.82
24-03-2015,803,53.61
25-03-2015,813,54.18
26-03-2015,811,57.02
27-03-2015,801,56.44
30-03-2015,792,53.99
31-03-2015,809,53.69
01-04-2015,804,55.73
02-04-2015,795,55.73
07-04-2015,776,57.55
08-04-2015,764,56.42
09-04-2015,771,56.04
10-04-2015,772,56.82
13-04-2015,778,57.14
14-04-2015,790,57.69
15-04-2015,798,59.32
16-04-2015,800,60.13
17-04-2015,799,61.31
20-04-2015,805,61.2
21-04-2015,801,60.12
22-04-2015,792,60.12
23-04-2015,784,62.66
24-04-2015,778,62.96
27-04-2015,773,62.86
28-04-2015,772,62.61
29-04-2015,768,63.97
30-04-2015,754,63.9
01-05-2015,749,64.13
05-05-2015,745,65.44
06-05-2015,741,66.22
07-05-2015,744,64.93
08-05-2015,753,63.82
11-05-2015,746,62.82
12-05-2015,748,65.09
13-05-2015,761,66.33
14-05-2015,806,65.58
15-05-2015,829,64.69
18-05-2015,846,65.15
19-05-2015,892,63.48
20-05-2015,938,63.52
21-05-2015,918,64.7
22-05-2015,901,64.7
26-05-2015,883,61.65
27-05-2015,868,61.35
28-05-2015,865,60.12
29-05-2015,856,63.16
01-06-2015,848,62.87
02-06-2015,848,63.14
03-06-2015,859,62.78
04-06-2015,863,60.34
05-06-2015,874,60.36
08-06-2015,887,61.33
09-06-2015,914,63.23
10-06-2015,910,64.68
11-06-2015,908,63.76
12-06-2015,917,63.19
15-06-2015,917,60.99
16-06-2015,931,60.75
17-06-2015,969,60.75
18-06-2015,1011,61.37
19-06-2015,1025,59.41
22-06-2015,1046,60.54
23-06-2015,1070,61.67
24-06-2015,1066,61.63
25-06-2015,1054,60.24
26-06-2015,1026,60.14
29-06-2015,989,59.03
30-06-2015,972,60.31
01-07-2015,952,61.65
02-07-2015,936,61.73
03-07-2015,916,59.06
06-07-2015,903,57.19
07-07-2015,888,54.72
08-07-2015,870,55.7
09-07-2015,857,57.83
10-07-2015,835,57.72
13-07-2015,827,57.63
14-07-2015,820,57.2
15-07-2015,824,57.34
16-07-2015,840,57.31
17-07-2015,846,56.38
20-07-2015,854,56.42
21-07-2015,849,55.94
22-07-2015,826,56.36
23-07-2015,817,55.76
24-07-2015,813,54.29
27-07-2015,803,54.07
28-07-2015,792,54.3
29-07-2015,776,54.73
30-07-2015,763,54.29
31-07-2015,755,53.29
03-08-2015,742,49.49
04-08-2015,735,49.08
05-08-2015,726,49.04
06-08-2015,713,47.8
07-08-2015,708,47.54
10-08-2015,694,48.3
11-08-2015,677,47.33
12-08-2015,673,48.29
13-08-2015,673,48.01
14-08-2015,668,47.79
17-08-2015,665,47.77
18-08-2015,654,47
19-08-2015,644,45.75
20-08-2015,632,45.63
21-08-2015,622,43.84
24-08-2015,611,41.59
25-08-2015,601,41.86
26-08-2015,595,41.76
27-08-2015,593,44.46
28-08-2015,598,47.97
01-09-2015,609,48.8
02-09-2015,616,47.67
03-09-2015,628,50.41
04-09-2015,633,48.59
07-09-2015,640,46.42
08-09-2015,639,48.88
09-09-2015,642,48.04
10-09-2015,640,47.77
11-09-2015,635,46.87
14-09-2015,629,45.87
15-09-2015,626,45.91
16-09-2015,639,49.35
17-09-2015,658,48.27
18-09-2015,666,47.28
21-09-2015,671,47.64
22-09-2015,674,46.69
23-09-2015,697,48
24-09-2015,705,47.06
25-09-2015,706,47.28
28-09-2015,703,46.04
29-09-2015,698,47.58
30-09-2015,715,47.29
01-10-2015,725,47.48
02-10-2015,745,46.55
05-10-2015,754,49.45
06-10-2015,774,51.34
07-10-2015,786,51.66
08-10-2015,790,52.13
09-10-2015,783,52.08
12-10-2015,778,50.95
13-10-2015,769,48.94
14-10-2015,771,48.25
15-10-2015,772,47.87
16-10-2015,771,48.96
19-10-2015,756,47.51
20-10-2015,751,46.93
21-10-2015,749,46.72
22-10-2015,739,46.59
23-10-2015,739,46.3
26-10-2015,737,46.57
27-10-2015,756,45.54
28-10-2015,744,47.6
29-10-2015,750,48.04
30-10-2015,788,48
02-11-2015,816,47.91
03-11-2015,823,48
04-11-2015,822,46.96
05-11-2015,822,47.19
06-11-2015,828,46.09
09-11-2015,831,45.38
10-11-2015,835,46.44
11-11-2015,852,44.98
12-11-2015,853,44.98
13-11-2015,861,41.98
16-11-2015,863,40.28
17-11-2015,871,41.28
18-11-2015,879,41.45
19-11-2015,883,42.22
20-11-2015,887,42.49
23-11-2015,888,43.7
24-11-2015,890,44.38
25-11-2015,891,43.56
26-11-2015,899,43.55
27-11-2015,904,43.07
30-11-2015,907,43.73
01-12-2015,926,42.97
02-12-2015,953,41.92
03-12-2015,962,42
04-12-2015,962,41.44
07-12-2015,962,39.69
08-12-2015,956,39.44
09-12-2015,943,39.04
10-12-2015,920,38.65
11-12-2015,920,36.99
14-12-2015,904,36.51
15-12-2015,897,37.66
16-12-2015,898,36.96
17-12-2015,897,36.29
18-12-2015,897,36.76
21-12-2015,889,35.34
22-12-2015,879,35.26
23-12-2015,873,35.79
24-12-2015,869,37.22
04-01-2016,1065,36.28
05-01-2016,1057,35.56
06-01-2016,1051,33.89
07-01-2016,1043,33.57
08-01-2016,1016,31.67
11-01-2016,988,30.14
12-01-2016,957,29.14
13-01-2016,929,28.58
14-01-2016,906,28.84
15-01-2016,897,28.8
18-01-2016,882,27.36
19-01-2016,882,27.36
20-01-2016,876,26.01
21-01-2016,870,27.59
22-01-2016,859,30.46
25-01-2016,838,29.82
26-01-2016,820,30.94
27-01-2016,812,31.83
28-01-2016,806,33.01
29-01-2016,817,33.14
01-02-2016,815,32.45
02-02-2016,808,30.98
03-02-2016,802,32.38
04-02-2016,800,32.76
05-02-2016,795,32.35
08-02-2016,791,31.64
09-02-2016,787,30.15
10-02-2016,793,29.64
11-02-2016,813,28.82
12-02-2016,819,31.8
16-02-2016,809,31.09
17-02-2016,807,33.21
18-02-2016,806,33.2
19-02-2016,799,31.66
22-02-2016,788,33.59
23-02-2016,779,31.9
24-02-2016,767,31.5
25-02-2016,751,32.83
26-02-2016,740,35.76
29-02-2016,730,35.92
01-03-2016,722,35.73
02-03-2016,717,36.38
03-03-2016,715,35.75
04-03-2016,720,37.61
07-03-2016,738,39.02
08-03-2016,756,39.16
09-03-2016,771,40.26
10-03-2016,794,38.63
11-03-2016,833,39.41
14-03-2016,861,38.06
15-03-2016,870,37.49
16-03-2016,865,38.38
17-03-2016,872,39.29
18-03-2016,866,39.26
21-03-2016,848,39.91
22-03-2016,819,40.54
23-03-2016,803,38.84
24-03-2016,809,38.33
29-03-2016,818,36.75
30-03-2016,837,36.75
31-03-2016,840,36.75
01-04-2016,833,36.42
04-04-2016,808,36.05
05-04-2016,786,35.88
06-04-2016,774,37.77
07-04-2016,752,37.15
08-04-2016,752,40.71
11-04-2016,755,41.58
12-04-2016,764,43.02
13-04-2016,782,42.81
14-04-2016,788,43.02
15-04-2016,793,41.32
18-04-2016,790,41.64
19-04-2016,787,43.02
20-04-2016,777,43.09
21-04-2016,770,43.48
22-04-2016,775,43.97
25-04-2016,778,42.97
26-04-2016,774,43.94
27-04-2016,749,44.17
28-04-2016,740,45.6
29-04-2016,730,45.64
03-05-2016,717,43.09
04-05-2016,716,43.08
05-05-2016,713,44.39
06-05-2016,715,44.6
09-05-2016,715,42.43
10-05-2016,735,44.01
11-05-2016,735,46.08
12-05-2016,732,46.43
13-05-2016,732,47.05
16-05-2016,734,48.49
17-05-2016,736,48.71
18-05-2016,740,48.93
19-05-2016,747,47.01
20-05-2016,744,48.54
23-05-2016,731,47.77
24-05-2016,716,48.42
25-05-2016,723,48.87
26-05-2016,728,49.52
27-05-2016,735,49.09
31-05-2016,753,49.26
01-06-2016,762,48.81
02-06-2016,765,49.05
03-06-2016,759,48.5
06-06-2016,754,48.94
07-06-2016,739,49.76
08-06-2016,741,50.73
09-06-2016,736,50.59
10-06-2016,730,49.7
13-06-2016,713,49.36
14-06-2016,705,47.88
15-06-2016,712,47.47
16-06-2016,714,45.66
17-06-2016,718,46.57
20-06-2016,711,48.68
21-06-2016,705,48.18
22-06-2016,710,48.43
23-06-2016,713,48.63
24-06-2016,714,46.69
27-06-2016,703,45.07
28-06-2016,695,46.29
29-06-2016,694,48.4
30-06-2016,691,48.05
01-07-2016,686,47.65
04-07-2016,679,48.02
05-07-2016,673,45.64
06-07-2016,672,45.7
07-07-2016,669,45.93
08-07-2016,666,44.53
11-07-2016,654,44.04
12-07-2016,639,46.72
13-07-2016,628,44.67
14-07-2016,620,46.01
15-07-2016,612,46.25
18-07-2016,604,45.35
19-07-2016,599,45.7
20-07-2016,592,45.82
21-07-2016,589,44.99
22-07-2016,582,44.24
25-07-2016,579,43.76
26-07-2016,567,43.56
27-07-2016,559,42.78
28-07-2016,550,41.87
29-07-2016,541,40.76
01-08-2016,532,40.17
02-08-2016,523,40
03-08-2016,515,40.45
04-08-2016,509,41.33
05-08-2016,509,42.47
08-08-2016,505,43.24
09-08-2016,504,43.37
10-08-2016,500,42.19
11-08-2016,497,44.23
12-08-2016,496,45.12
15-08-2016,497,47.31
16-08-2016,497,48.27
17-08-2016,500,48.58
18-08-2016,501,49.46
19-08-2016,504,49.39
22-08-2016,506,48.1
23-08-2016,505,48.7
24-08-2016,512,47.56
25-08-2016,515,49.25
26-08-2016,515,49.66
30-08-2016,510,47.94
31-08-2016,515,47.94
01-09-2016,514,45.05
02-09-2016,516,45.96
05-09-2016,517,46.72
06-09-2016,528,46.21
07-09-2016,537,47
08-09-2016,536,49.23
09-09-2016,542,48.37
12-09-2016,543,47.82
13-09-2016,548,46.48
14-09-2016,549,45.65
15-09-2016,555,45.83
16-09-2016,561,45.26
19-09-2016,566,46.04
20-09-2016,588,45.24
21-09-2016,602,45.99
22-09-2016,606,47.21
23-09-2016,611,46.71
26-09-2016,618,46.61
27-09-2016,638,44.95
28-09-2016,644,45.49
29-09-2016,638,48.43
30-09-2016,625,48.24
03-10-2016,622,48.61
04-10-2016,616,48.81
05-10-2016,613,49.57
06-10-2016,619,50.14
07-10-2016,621,50.49
10-10-2016,626,51.54
11-10-2016,633,50.48
12-10-2016,641,49.53
13-10-2016,657,49.29
14-10-2016,673,48.87
17-10-2016,674,49.31
18-10-2016,681,49.81
19-10-2016,686,51.85
20-10-2016,692,50.42
21-10-2016,691,50.28
24-10-2016,680,49.8
25-10-2016,667,49.08
26-10-2016,658,48.98
27-10-2016,657,49.13
28-10-2016,660,47.78
31-10-2016,656,46.2
01-11-2016,655,45.77
02-11-2016,670,44.26
03-11-2016,667,43.84
04-11-2016,665,43.06
07-11-2016,659,42.83
08-11-2016,661,43.47
09-11-2016,682,43.88
10-11-2016,744,43.67
11-11-2016,750,41.61
14-11-2016,740,41.83
15-11-2016,740,44.15
16-11-2016,786,45.07
17-11-2016,831,44.57
18-11-2016,828,44.41
21-11-2016,834,45.96
22-11-2016,862,46.1
23-11-2016,870,46.54
24-11-2016,886,47.54
25-11-2016,892,46.32
28-11-2016,896,46.64
29-11-2016,895,44.68
30-11-2016,891,47.95
01-12-2016,878,52.28
02-12-2016,889,52.35
05-12-2016,887,53.3
06-12-2016,863,52.31
07-12-2016,868,51.9
08-12-2016,889,51.6
09-12-2016,903,52.19
12-12-2016,887,53.99
13-12-2016,889,53.28
14-12-2016,895,53.15
15-12-2016,909,51.72
16-12-2016,911,54.15
19-12-2016,910,53.53
20-12-2016,920,54.56
21-12-2016,945,53.01
22-12-2016,936,54.04
23-12-2016,919,53.93
03-01-2017,1088,55.05
04-01-2017,1053,54.57
05-01-2017,1024,54.99
06-01-2017,1026,55.9
09-01-2017,1013,54.39
10-01-2017,1017,53.2
11-01-2017,1018,53.61
12-01-2017,1024,54.51
13-01-2017,1027,54.37
16-01-2017,1018,54.3
17-01-2017,1001,54.68
18-01-2017,1006,53.77
19-01-2017,1002,53.18
20-01-2017,997,55.04
23-01-2017,995,54.8
24-01-2017,987,54.7
25-01-2017,977,54.34
26-01-2017,965,55.89
27-01-2017,946,54.8
30-01-2017,930,54.77
31-01-2017,901,55.25
01-02-2017,877,55.79
02-02-2017,864,55.94
03-02-2017,858,55.92
06-02-2017,856,55.02
07-02-2017,846,53.79
08-02-2017,842,54.42
09-02-2017,846,53.98
10-02-2017,847,55.2
13-02-2017,851,54.15
14-02-2017,862,54.96
15-02-2017,850,54.57
16-02-2017,869,54.16
17-02-2017,863,54.48
20-02-2017,859,55.25
21-02-2017,857,56.34
22-02-2017,852,54.9
23-02-2017,856,55.82
24-02-2017,857,54.69
27-02-2017,847,54.65
28-02-2017,835,53.36
01-03-2017,831,55.72
02-03-2017,837,54.16
03-03-2017,841,54.12
06-03-2017,838,54.73
07-03-2017,839,54.61
08-03-2017,859,53.3
09-03-2017,862,50.65
10-03-2017,850,50.63
13-03-2017,850,50.1
14-03-2017,847,49.6
15-03-2017,835,50.63
16-03-2017,832,50.56
17-03-2017,824,50.58
20-03-2017,824,50.67
21-03-2017,826,50.14
22-03-2017,816,49.56
23-03-2017,812,50.17
24-03-2017,804,49.97
27-03-2017,799,50.12
28-03-2017,802,50.72
29-03-2017,800,51.36
30-03-2017,794,52.25
31-03-2017,790,52.2
03-04-2017,781,52.04
04-04-2017,778,53.08
05-04-2017,773,53.41
06-04-2017,777,53.62
07-04-2017,775,54.24
10-04-2017,776,54.79
11-04-2017,776,54.73
12-04-2017,790,54.75
13-04-2017,800,55.05
18-04-2017,814,52.6
19-04-2017,819,52.43
20-04-2017,819,50.66
21-04-2017,812,49.93
24-04-2017,812,49.45
25-04-2017,802,49.37
26-04-2017,797,49.99
27-04-2017,786,49.46
28-04-2017,785,49.46
02-05-2017,778,49.31
03-05-2017,767,48.82
04-05-2017,768,47.53
05-05-2017,774,47.45
08-05-2017,775,46.61
09-05-2017,772,47.06
10-05-2017,763,48.09
11-05-2017,748,49.18
12-05-2017,741,49.08
15-05-2017,742,51.29
16-05-2017,737,51.21
17-05-2017,757,51.76
18-05-2017,765,51.71
19-05-2017,785,52.78
22-05-2017,799,53.35
23-05-2017,821,53.19
24-05-2017,825,53.29
25-05-2017,814,52.25
26-05-2017,807,50.84
30-05-2017,785,50.65
31-05-2017,768,49.4
01-06-2017,756,50.41
02-06-2017,742,48.46
05-06-2017,733,48.25
06-06-2017,718,48.11
07-06-2017,708,47.08
08-06-2017,705,46.3
09-06-2017,702,46.64
12-06-2017,700,47.18
13-06-2017,699,46.95
14-06-2017,705,45.47
15-06-2017,704,45.61
16-06-2017,702,45.7
19-06-2017,699,45.93
20-06-2017,690,43.98
21-06-2017,688,44.62
22-06-2017,686,44.46
23-06-2017,683,44.14
26-06-2017,681,44.09
27-06-2017,671,46.17
28-06-2017,670,46.45
29-06-2017,668,47.02
30-06-2017,663,47.08
03-07-2017,659,49.13
04-07-2017,656,49.15
05-07-2017,656,47.58
06-07-2017,647,48.53
07-07-2017,649,46.47
10-07-2017,651,46.57
11-07-2017,651,46.68
12-07-2017,647,46.73
13-07-2017,644,47.65
14-07-2017,644,47.89
17-07-2017,648,47.66
18-07-2017,643,47.92
19-07-2017,642,48.34
20-07-2017,649,48.54
21-07-2017,655,47.47
24-07-2017,649,47.81
25-07-2017,646,49.19
26-07-2017,647,50.08
27-07-2017,644,50.67
28-07-2017,640,52
31-07-2017,639,51.99
01-08-2017,632,50.77
02-08-2017,632,52.09
03-08-2017,628,52.88
04-08-2017,619,52.48
07-08-2017,614,51.42
08-08-2017,616,52.18
09-08-2017,618,52.16
10-08-2017,620,52.59
11-08-2017,621,51.47
14-08-2017,618,51.29
15-08-2017,617,49.9
16-08-2017,620,50.39
17-08-2017,618,50.37
18-08-2017,621,50.96
21-08-2017,622,51.94
22-08-2017,621,52.29
23-08-2017,620,52.31
24-08-2017,627,51.73
25-08-2017,643,51.87
29-08-2017,659,51.64
30-08-2017,667,51.91
31-08-2017,677,52.69
01-09-2017,682,53.15
04-09-2017,691,52.6
05-09-2017,698,53.63
06-09-2017,699,54.48
07-09-2017,701,54.16
08-09-2017,707,54.55
11-09-2017,715,54.2
12-09-2017,725,55.06
13-09-2017,732,55.52
14-09-2017,739,56.76
15-09-2017,744,56.18
18-09-2017,744,55.5
19-09-2017,740,56.58
20-09-2017,751,57.2
21-09-2017,760,57.73
22-09-2017,772,58.16
25-09-2017,781,59.42
26-09-2017,780,59.77
27-09-2017,783,58.74
28-09-2017,782,58.8
29-09-2017,776,57.02
02-10-2017,775,55.67
03-10-2017,758,56.12
04-10-2017,760,56
05-10-2017,766,57.09
06-10-2017,776,55.5
09-10-2017,783,55.29
10-10-2017,818,56.62
11-10-2017,856,56.13
12-10-2017,870,56.13
13-10-2017,903,56.86
16-10-2017,913,57.49
17-10-2017,916,57.63
18-10-2017,907,58.05
19-10-2017,902,57.82
20-10-2017,896,57.89
23-10-2017,899,57.69
24-10-2017,901,57.84
25-10-2017,912,58.45
26-10-2017,920,58.75
27-10-2017,914,60.15
30-10-2017,904,60.65
31-10-2017,871,61.35
01-11-2017,867,60.98
02-11-2017,855,60.79
03-11-2017,843,61.42
06-11-2017,820,64.27
07-11-2017,814,64.36
08-11-2017,807,63.96
09-11-2017,802,64.49
10-11-2017,803,64.35
13-11-2017,796,62.94
14-11-2017,790,60.91
15-11-2017,787,61.25
16-11-2017,790,61.18
17-11-2017,809,61.34
20-11-2017,827,61.34
21-11-2017,827,62.28
22-11-2017,826,62.92
23-11-2017,820,63.27
24-11-2017,812,63.58
27-11-2017,798,63.25
28-11-2017,799,63.56
29-11-2017,794,63.74
30-11-2017,806,63.53
01-12-2017,820,64.57
04-12-2017,821,63.45
05-12-2017,822,63.45
06-12-2017,824,62.25
07-12-2017,823,62.37
08-12-2017,814,63.86
11-12-2017,814,65.62
12-12-2017,812,64.96
13-12-2017,812,63.66
14-12-2017,814,63.72
15-12-2017,815,63.81
18-12-2017,820,64.45
19-12-2017,824,63.69
20-12-2017,825,64.43
21-12-2017,831,64.64
22-12-2017,827,64.61
02-01-2018,700,66.65
03-01-2018,683,67.85
04-01-2018,676,68.73
05-01-2018,680,68.01
08-01-2018,682,68.48
09-01-2018,691,69.08
10-01-2018,685,69.79
11-01-2018,681,70.36
12-01-2018,684,69.64
15-01-2018,693,70.31
16-01-2018,717,69.4
17-01-2018,715,69.19
18-01-2018,707,69.48
19-01-2018,705,68.56
22-01-2018,702,69.32
23-01-2018,694,69.81
24-01-2018,691,69.91
25-01-2018,683,71.08
26-01-2018,682,70.08
29-01-2018,679,68.41
30-01-2018,670,67.78
31-01-2018,664,67.78
01-02-2018,661,68.6
02-02-2018,658,67.45
05-02-2018,654,67.69
06-02-2018,648,66.75
07-02-2018,648,65.74
08-02-2018,643,64.26
09-02-2018,642,63.04
12-02-2018,640,62.2
13-02-2018,637,61.94
14-02-2018,642,62.29
15-02-2018,649,62.86
16-02-2018,649,64.3
19-02-2018,645,64.95
20-02-2018,641,64.68
21-02-2018,640,64.81
22-02-2018,645,66.12
23-02-2018,646,67.04
26-02-2018,652,67.96
27-02-2018,658,67.59
28-02-2018,658,66.08
01-03-2018,662,64.23
02-03-2018,669,64.26
05-03-2018,664,65.78
06-03-2018,654,65.67
07-03-2018,648,65.09
08-03-2018,651,63.87
09-03-2018,653,65.19
12-03-2018,648,64.53
13-03-2018,642,64.2
14-03-2018,641,63.61
15-03-2018,639,63.67
16-03-2018,635,64.68
19-03-2018,636,64.82
20-03-2018,645,66
21-03-2018,649,68.15
22-03-2018,652,68.98
23-03-2018,656,69.03
26-03-2018,658,68.81
27-03-2018,662,68.63
28-03-2018,662,68.13
29-03-2018,661,69.02
03-04-2018,651,69.02
04-04-2018,648,66.04
05-04-2018,646,66.54
06-04-2018,643,66.51
09-04-2018,637,68.19
10-04-2018,631,70.67
11-04-2018,628,72.74
12-04-2018,639,71.44
13-04-2018,640,73.18
16-04-2018,638,72.05
17-04-2018,636,71.71
18-04-2018,635,73.73
19-04-2018,637,74.85
20-04-2018,637,74.62
23-04-2018,639,74.54
24-04-2018,637,75.86
25-04-2018,639,73.79
26-04-2018,648,75.39
27-04-2018,655,75.33
30-04-2018,656,75.92
01-05-2018,655,74.85
02-05-2018,647,73.14
03-05-2018,648,73.45
04-05-2018,650,74.75
08-05-2018,655,74.16
09-05-2018,656,77.6
10-05-2018,656,77.59
11-05-2018,657,77.37
14-05-2018,656,78.17
15-05-2018,667,78.94
16-05-2018,681,78.19
17-05-2018,692,80.09
18-05-2018,714,78.38
21-05-2018,729,78.34
22-05-2018,748,80.42
23-05-2018,761,78.69
24-05-2018,776,78.9
25-05-2018,781,76.6
29-05-2018,779,74.51
30-05-2018,768,75.89
31-05-2018,754,76.45
01-06-2018,754,74.54
04-06-2018,749,73.41
05-06-2018,745,72.91
06-06-2018,735,73.23
07-06-2018,731,75.23
08-06-2018,734,75.11
11-06-2018,746,74.58
12-06-2018,751,74.86
13-06-2018,768,75.07
14-06-2018,760,74.77
15-06-2018,746,72.02
18-06-2018,736,74.87
19-06-2018,743,74.92
20-06-2018,743,74.25
21-06-2018,742,72.87
22-06-2018,745,73.67
25-06-2018,745,72.82
26-06-2018,735,73.58
27-06-2018,727,76.09
28-06-2018,724,76.26
29-06-2018,712,77.44
02-07-2018,705,76.71
03-07-2018,702,75.87
04-07-2018,705,76.99
05-07-2018,710,77.09
06-07-2018,721,74.98
09-07-2018,729,77.08
10-07-2018,732,77.8
11-07-2018,741,75.35
12-07-2018,738,72.11
13-07-2018,744,74.11
16-07-2018,738,71.03
17-07-2018,723,70.87
18-07-2018,714,70.52
19-07-2018,713,71.94
20-07-2018,723,71.99
23-07-2018,727,73.45
24-07-2018,748,73.53
25-07-2018,753,73.67
26-07-2018,755,74.51
27-07-2018,759,74.84
30-07-2018,768,74.99
31-07-2018,768,74.16
01-08-2018,760,72.28
02-08-2018,756,72.95
03-08-2018,758,72.48
06-08-2018,749,72.51
07-08-2018,733,72.31
08-08-2018,725,70.71
09-08-2018,717,70.55
10-08-2018,713,71
13-08-2018,715,70.62
14-08-2018,723,70.77
15-08-2018,731,68.38
16-08-2018,736,69.21
17-08-2018,753,70.14
20-08-2018,774,71.11
21-08-2018,792,71.65
22-08-2018,791,72.96
23-08-2018,794,73.73
24-08-2018,804,74.41
28-08-2018,795,75.91
29-08-2018,789,76.07
30-08-2018,787,77.05
31-08-2018,786,76.94
03-09-2018,780,77.81
04-09-2018,772,77.51
05-09-2018,778,76.68
06-09-2018,778,75.67
07-09-2018,785,75.55
10-09-2018,784,76.77
11-09-2018,774,78.22
12-09-2018,769,80.02
13-09-2018,770,77.66
14-09-2018,765,77.87
17-09-2018,763,78.22
18-09-2018,766,79.25
19-09-2018,773,79.43
20-09-2018,780,79.03
21-09-2018,791,78.9
24-09-2018,794,80.89
25-09-2018,801,82.21
26-09-2018,804,81.87
27-09-2018,805,81.54
28-09-2018,791,82.72
01-10-2018,793,84.94
02-10-2018,801,85.63
03-10-2018,808,85.45
04-10-2018,837,86.07
05-10-2018,853,85.12
08-10-2018,858,84.22
09-10-2018,875,85.16
10-10-2018,890,83.82
11-10-2018,913,81.35
12-10-2018,921,80.71
15-10-2018,922,80.91
16-10-2018,947,80.53
17-10-2018,963,79.91
18-10-2018,988,80.3
19-10-2018,1024,80.38
22-10-2018,1051,80.45
23-10-2018,1066,78.67
24-10-2018,1099,77.34
25-10-2018,1121,77.3
26-10-2018,1141,77.4
29-10-2018,1153,77.56
30-10-2018,1150,75.68
31-10-2018,1157,74.84
01-11-2018,1152,71.25
02-11-2018,1143,71.11
05-11-2018,1134,72.68
06-11-2018,1116,70.64
07-11-2018,1104,70.1
08-11-2018,1097,69.29
09-11-2018,1092,69.01
12-11-2018,1086,69.81
13-11-2018,1082,65.45
14-11-2018,1091,64.88
15-11-2018,1099,65.61
16-11-2018,1106,65.29
19-11-2018,1103,64.14
20-11-2018,1107,61.5
21-11-2018,1104,61.65
22-11-2018,1126,61.11
23-11-2018,1130,57.69
26-11-2018,1127,59.7
27-11-2018,1131,59.58
28-11-2018,1133,57.97
29-11-2018,1135,58.29
30-11-2018,1132,57.71
03-12-2018,1129,60.17
04-12-2018,1146,61.22
05-12-2018,1160,61.4
06-12-2018,1168,57.83
07-12-2018,1167,61.71
10-12-2018,1180,60.29
11-12-2018,1212,59.73
12-12-2018,1218,59.94
13-12-2018,1223,59.03
14-12-2018,1223,58.56
17-12-2018,1230,57.59
18-12-2018,1240,55.26
19-12-2018,1266,55.6
20-12-2018,1258,52.84
21-12-2018,1256,51.93
02-01-2019,1009,54.06
03-01-2019,999,53.23
04-01-2019,982,55.64
07-01-2019,973,57.1
08-01-2019,967,56.91
09-01-2019,957,59.46
10-01-2019,930,60.47
11-01-2019,929,59.24
14-01-2019,925,58.8
15-01-2019,920,58.65
16-01-2019,899,59.81
17-01-2019,891,59.85
18-01-2019,873,62.04
21-01-2019,875,62.18
22-01-2019,868,60.9
23-01-2019,866,61.05
24-01-2019,875,61.09
25-01-2019,877,61.49
28-01-2019,874,59.71
29-01-2019,872,60.98
30-01-2019,859,61.89
31-01-2019,848,62.46
01-02-2019,843,61.86
04-02-2019,824,62.26
05-02-2019,806,61.67
06-02-2019,805,62.22
07-02-2019,797,61.01
08-02-2019,795,61.37
11-02-2019,791,61.3
12-02-2019,790,62.58
13-02-2019,798,63.27
14-02-2019,806,64
15-02-2019,818,65.65
18-02-2019,819,66.41
19-02-2019,828,65.86
20-02-2019,831,66.82
21-02-2019,828,66.91
22-02-2019,823,66.91
25-02-2019,801,64.02
26-02-2019,799,64.51
27-02-2019,796,65.55
28-02-2019,781,65.03
01-03-2019,774,63.71
04-03-2019,762,64.44
05-03-2019,754,64.24
06-03-2019,753,64.51
07-03-2019,747,64.82
08-03-2019,742,65.66
11-03-2019,737,65.06
12-03-2019,743,65.33
13-03-2019,740,65.89
14-03-2019,737,66.18
15-03-2019,735,66.11
18-03-2019,730,66.65
19-03-2019,715,67.13
20-03-2019,705,68.35
21-03-2019,700,68.3
22-03-2019,695,66.29
25-03-2019,688,67.37
26-03-2019,678,67.51
27-03-2019,663,67.35
28-03-2019,651,66.08
29-03-2019,648,67.93
01-04-2019,640,69.08
02-04-2019,632,69.68
03-04-2019,623,69.21
04-04-2019,618,69.8
05-04-2019,617,69.93
08-04-2019,610,71.12
09-04-2019,618,71.02
10-04-2019,620,71.63
11-04-2019,634,71.3
12-04-2019,639,71.57
15-04-2019,639,70.9
16-04-2019,643,70.74
17-04-2019,652,71.14
18-04-2019,653,70.71
23-04-2019,644,74.39
24-04-2019,636,73.59
25-04-2019,635,74.94
26-04-2019,640,71.03
29-04-2019,638,71.22
30-04-2019,634,72.19
01-05-2019,635,72.01
02-05-2019,638,70.56
03-05-2019,645,71.95
07-05-2019,662,70.98
08-05-2019,672,71.09
09-05-2019,680,70.61
10-05-2019,697,71.63
13-05-2019,703,72.35
14-05-2019,704,72.53
15-05-2019,697,73.09
16-05-2019,683,74.7
17-05-2019,678,73.94
20-05-2019,674,73.21
21-05-2019,673,72.94
22-05-2019,672,71.94
23-05-2019,666,68.37
24-05-2019,665,67.98
28-05-2019,658,70.19
29-05-2019,651,70.64
30-05-2019,643,69.55
31-05-2019,636,66.78
03-06-2019,634,63.16
04-06-2019,633,63.56
05-06-2019,632,62.14
06-06-2019,635,62.77
07-06-2019,643,64.1
10-06-2019,645,64.31
11-06-2019,654,63.56
12-06-2019,653,61.66
13-06-2019,657,63.28
14-06-2019,662,63.13
17-06-2019,668,62.56
18-06-2019,677,63.35
19-06-2019,676,62.85
20-06-2019,681,65.44
21-06-2019,679,65.99
24-06-2019,678,65.16
25-06-2019,679,66.24
26-06-2019,678,66.85
27-06-2019,677,66.78
28-06-2019,680,67.52
01-07-2019,679,65.1
02-07-2019,673,62.72
03-07-2019,660,63.53
04-07-2019,652,63.62
05-07-2019,650,64.23
08-07-2019,645,64.89
09-07-2019,640,64.3
10-07-2019,633,66.41
11-07-2019,631,67.64
12-07-2019,628,66.65
15-07-2019,627,66.86
16-07-2019,623,65.87
17-07-2019,627,63.67
18-07-2019,625,60.7
19-07-2019,622,61.04
22-07-2019,624,61.96
23-07-2019,626,62.28
24-07-2019,628,63.83
25-07-2019,634,63.47
26-07-2019,634,62.46
29-07-2019,632,62.29
30-07-2019,624,62.55
31-07-2019,621,64.07
01-08-2019,620,62.9
02-08-2019,621,61.12
05-08-2019,617,59.32
06-08-2019,617,58.63
07-08-2019,626,55.03
08-08-2019,628,56.29
09-08-2019,627,57.37
12-08-2019,626,57.13
13-08-2019,627,59.9
14-08-2019,627,57.86
15-08-2019,631,57.37
16-08-2019,646,59
19-08-2019,649,59.79
20-08-2019,657,59.03
21-08-2019,659,60.6
22-08-2019,656,59.81
23-08-2019,662,58.64
27-08-2019,663,58.44
28-08-2019,664,60.42
29-08-2019,660,60.59
30-08-2019,656,61.04
02-09-2019,654,58.55
03-09-2019,651,57.93
04-09-2019,667,60.68
05-09-2019,676,62.7
06-09-2019,683,61.28
09-09-2019,685,63.99
10-09-2019,686,64.67
11-09-2019,696,63.02
12-09-2019,706,60.76
13-09-2019,708,61.25
16-09-2019,729,68.42
17-09-2019,755,65.59
18-09-2019,777,64.29
19-09-2019,795,64.25
20-09-2019,828,65.23
23-09-2019,833,64.66
24-09-2019,849,64.13
25-09-2019,850,62.41
26-09-2019,876,62.08
27-09-2019,935,62.48
30-09-2019,961,60.99
01-10-2019,998,60.06
02-10-2019,1033,57.92
03-10-2019,1123,58.01
04-10-2019,1191,59.13
07-10-2019,1258,59.46
08-10-2019,1355,58.14
09-10-2019,1442,59.7
10-10-2019,1561,59.08
11-10-2019,1941,60.59
14-10-2019,1958,58.81
15-10-2019,1797,59.19
16-10-2019,1641,59.3
17-10-2019,1532,59.35
18-10-2019,1432,59.96
21-10-2019,1376,58.95
22-10-2019,1312,60.5
23-10-2019,1282,60.52
24-10-2019,1227,61.71
25-10-2019,1185,62.06
28-10-2019,1144,60.39
29-10-2019,1101,61.05
30-10-2019,1055,60.22
31-10-2019,1040,59.3
01-11-2019,1029,60.17
04-11-2019,1011,62.52
05-11-2019,967,62.72
06-11-2019,938,62.11
07-11-2019,914,62.6
08-11-2019,899,62
11-11-2019,902,62.58
12-11-2019,941,62.19
13-11-2019,984,62.27
14-11-2019,1082,62.46
15-11-2019,1119,63.32
18-11-2019,1143,62.82
19-11-2019,1194,62.37
20-11-2019,1235,63.8
21-11-2019,1276,64.99
22-11-2019,1296,64.83
25-11-2019,1276,64.67
26-11-2019,1297,64.82
27-11-2019,1301,65.03
28-11-2019,1283,64.68
29-11-2019,1267,64.5
02-12-2019,1252,63.2
03-12-2019,1237,62.95
04-12-2019,1259,65.25
05-12-2019,1286,65.67
06-12-2019,1315,66.5
09-12-2019,1338,66.44
10-12-2019,1375,66.57
11-12-2019,1414,65.37
12-12-2019,1419,66.67
13-12-2019,1440,67.44
16-12-2019,1455,68.04
17-12-2019,1509,68.99
18-12-2019,1545,69.12
19-12-2019,1560,69.7
20-12-2019,1589,68.66
23-12-2019,1580,67.49
24-12-2019,1597,69.26
02-01-2020,1503,67.05
03-01-2020,1517,69.08
06-01-2020,1500,70.25
07-01-2020,1509,68.74
08-01-2020,1520,67.31
09-01-2020,1508,66.58
10-01-2020,1473,66.77
13-01-2020,1448,64.14
14-01-2020,1396,64.45
15-01-2020,1340,63.29
16-01-2020,1305,64.63
17-01-2020,1241,64.05
20-01-2020,1226,64.63
21-01-2020,1227,63.66
22-01-2020,1237,62.11
23-01-2020,1208,61.26
24-01-2020,1190,59.34
27-01-2020,1152,58.54
28-01-2020,1093,59.37
29-01-2020,1046,59.46
30-01-2020,934,57.72
31-01-2020,882,57.77
03-02-2020,850,54
04-02-2020,803,53.9
05-02-2020,798,55.36
06-02-2020,796,55.18
07-02-2020,803,54.53
10-02-2020,816,53.39
11-02-2020,840,54
12-02-2020,847,55.54
13-02-2020,855,56.34
14-02-2020,865,57.37
17-02-2020,871,57.83
18-02-2020,871,57.35
19-02-2020,872,59.72
20-02-2020,870,59.57
21-02-2020,865,58.6
24-02-2020,862,56.71
25-02-2020,850,55.29
26-02-2020,817,54.96
27-02-2020,806,52.19
28-02-2020,796,51.31
02-03-2020,796,52.52
03-03-2020,796,52.24
04-03-2020,796,51.86
05-03-2020,792,51.29
06-03-2020,764,45.6
09-03-2020,778,35.33
10-03-2020,848,35.57
11-03-2020,1057,34.45
12-03-2020,1173,31.02
13-03-2020,1434,32.25
16-03-2020,1518,27.98
17-03-2020,1516,27.97
18-03-2020,1379,22.79
19-03-2020,1242,23.98
20-03-2020,1166,25.55
23-03-2020,1099,23.75
24-03-2020,1041,24.5
25-03-2020,1068,25.62
26-03-2020,1111,23.55
27-03-2020,1230,22.39
30-03-2020,1348,19.19
31-03-2020,1394,14.85
01-04-2020,1406,14.97
02-04-2020,1402,20.24
03-04-2020,1383,24.33
06-04-2020,1240,22.58
07-04-2020,1122,22.1
08-04-2020,1071,25.22
09-04-2020,1114,20.23
14-04-2020,1108,21.74
15-04-2020,1084,19.8
16-04-2020,1102,18.69
17-04-2020,1154,19.75
20-04-2020,1182,17.36
21-04-2020,1377,9.12
22-04-2020,1525,13.77
23-04-2020,1537,15.06
24-04-2020,1550,15.87
27-04-2020,1536,15.17
28-04-2020,1503,15.6
29-04-2020,1387,17.86
30-04-2020,1236,18.11
01-05-2020,1105,18.49
04-05-2020,1015,20.4
05-05-2020,905,25.46
06-05-2020,881,24.2
07-05-2020,863,24.23
11-05-2020,868,25.53
12-05-2020,870,26.67
13-05-2020,872,27.89
14-05-2020,863,29.87
15-05-2020,852,30.95
18-05-2020,847,33.3
19-05-2020,818,33.06
20-05-2020,792,34.76
21-05-2020,756,34.78
22-05-2020,735,33.8
26-05-2020,718,33.95
27-05-2020,733,32.73
28-05-2020,720,33.98
29-05-2020,713,34.15
01-06-2020,698,36.74
02-06-2020,653,37.72
03-06-2020,628,37.98
04-06-2020,605,38.41
05-06-2020,592,41
08-06-2020,584,39.66
09-06-2020,577,40.45
10-06-2020,572,41.18
11-06-2020,559,37.76
12-06-2020,551,38.54
15-06-2020,545,39.44
16-06-2020,530,40.75
17-06-2020,524,40.47
18-06-2020,513,41.75
19-06-2020,509,42.33
22-06-2020,496,43.2
23-06-2020,473,42.72
24-06-2020,459,40.4
25-06-2020,466,41.18
26-06-2020,467,40.97
29-06-2020,465,41.58
30-06-2020,462,41.64
01-07-2020,464,42.18
02-07-2020,464,43.19
03-07-2020,471,42.92
06-07-2020,483,42.73
07-07-2020,487,43.28
08-07-2020,492,43.67
09-07-2020,498,42.35
10-07-2020,500,43.27
13-07-2020,499,42.85
14-07-2020,492,42.97
15-07-2020,491,43.96
16-07-2020,509,43.71
17-07-2020,520,43.53
20-07-2020,534,43.3
21-07-2020,541,44.31
22-07-2020,539,43.98
23-07-2020,530,42.96
24-07-2020,520,43.29
27-07-2020,516,43.39
28-07-2020,513,43.11
29-07-2020,506,43.51
30-07-2020,505,42.98
31-07-2020,506,43.13
03-08-2020,506,43.76
04-08-2020,506,43.99
05-08-2020,509,44.92
06-08-2020,507,45.04
07-08-2020,507,44.07
10-08-2020,503,44.19
11-08-2020,497,43.68
12-08-2020,500,45.09
13-08-2020,499,44.87
14-08-2020,498,44.86
17-08-2020,493,44.91
18-08-2020,490,45.34
19-08-2020,491,45.21
20-08-2020,488,44.56
21-08-2020,483,43.94
24-08-2020,480,44.43
25-08-2020,477,46.01
26-08-2020,473,45.79
27-08-2020,472,44.84
28-08-2020,474,45.22
01-09-2020,466,45.72
02-09-2020,457,42.7
03-09-2020,452,42.72
04-09-2020,446,41.1
07-09-2020,444,40.67
08-09-2020,446,38.53
09-09-2020,447,39.98
10-09-2020,450,39.27
11-09-2020,459,38.8
14-09-2020,456,38.57
15-09-2020,453,39.54
16-09-2020,448,41.23
17-09-2020,443,42.35
18-09-2020,441,42.16
21-09-2020,439,40.37
22-09-2020,433,40.84
23-09-2020,431,41.09
24-09-2020,434,41.24
25-09-2020,434,40.91
28-09-2020,436,41.59
29-09-2020,435,40.33
30-09-2020,435,40.3
01-10-2020,432,39.75
02-10-2020,429,38
05-10-2020,428,39.78
06-10-2020,424,41.27
07-10-2020,419,40.62
08-10-2020,417,42
09-10-2020,412,41.63
12-10-2020,410,40.5
13-10-2020,410,41.34
14-10-2020,412,41.81
15-10-2020,414,41.61
16-10-2020,417,41.34
19-10-2020,420,41.29
20-10-2020,423,41.62
21-10-2020,424,40.09
22-10-2020,421,41.28
23-10-2020,417,40.71
26-10-2020,425,39.06
27-10-2020,426,39.72
28-10-2020,422,37.86
29-10-2020,416,36.56
30-10-2020,411,36.33
02-11-2020,406,37.78
03-11-2020,405,38.17
04-11-2020,405,39.68
05-11-2020,405,39.47
06-11-2020,403,38.08
09-11-2020,403,40.93
10-11-2020,405,42.25
11-11-2020,407,42.5
12-11-2020,413,42.16
13-11-2020,425,41.51
16-11-2020,430,42.71
17-11-2020,432,42.54
18-11-2020,431,42.91
19-11-2020,437,43.09
20-11-2020,438,43.79
23-11-2020,437,45
24-11-2020,447,46.63
25-11-2020,451,47.3
26-11-2020,457,46.32
27-11-2020,455,46.88
30-11-2020,458,46.84
01-12-2020,455,47.03
02-12-2020,444,47.8
03-12-2020,445,48.37
04-12-2020,440,49.1
07-12-2020,440,48.63
08-12-2020,439,48.84
09-12-2020,435,48.81
10-12-2020,430,50.33
11-12-2020,431,50.01
14-12-2020,432,50.27
15-12-2020,435,50.77
16-12-2020,439,50.83
17-12-2020,453,51.2
18-12-2020,456,52.17
21-12-2020,461,50.61
22-12-2020,468,49.88
23-12-2020,466,51.05
24-12-2020,466,50.88
04-01-2021,543,50.37
05-01-2021,540,53.16
06-01-2021,533,53.8
07-01-2021,524,53.7
08-01-2021,520,55.51
11-01-2021,511,54.84
12-01-2021,505,55.98
13-01-2021,500,55.52
14-01-2021,496,55.76
15-01-2021,493,54.8
18-01-2021,492,54.21
19-01-2021,496,55.38
20-01-2021,498,55.66
21-01-2021,505,55.68
22-01-2021,512,55.22
25-01-2021,519,55.44
26-01-2021,520,55.26
27-01-2021,521,55.07
28-01-2021,521,54.87
29-01-2021,517,55.25
01-02-2021,515,56.42
02-02-2021,506,57.62
03-02-2021,497,58.61
04-02-2021,496,58.98
05-02-2021,496,59.48
08-02-2021,495,60.17
09-02-2021,497,60.74
10-02-2021,510,61.17
11-02-2021,519,61.09
12-02-2021,539,62.47
15-02-2021,550,63.58
16-02-2021,589,63.96
17-02-2021,602,65.02
18-02-2021,627,64.09
19-02-2021,639,62.84
22-02-2021,651,64.73
23-02-2021,663,65.16
24-02-2021,668,66.85
25-02-2021,669,66.69
26-02-2021,669,65.86
01-03-2021,668,64.56
02-03-2021,671,63.17
03-03-2021,667,64.7
04-03-2021,668,67.32
05-03-2021,666,69.95
08-03-2021,672,68
09-03-2021,696,67.03
10-03-2021,706,67.53
11-03-2021,720,69.34
12-03-2021,721,68.87
15-03-2021,727,68.78
16-03-2021,742,67.95
17-03-2021,746,67.73
18-03-2021,753,62.11
19-03-2021,748,64
22-03-2021,746,63.89
23-03-2021,747,59.96
24-03-2021,743,63.7
25-03-2021,748,61.21
26-03-2021,765,63.77
29-03-2021,765,64.06
30-03-2021,737,63.28
31-03-2021,710,63.52
01-04-2021,699,63.85
06-04-2021,685,61.47
07-04-2021,675,61.86
08-04-2021,658,62.09
09-04-2021,646,61.89
12-04-2021,629,62.38
13-04-2021,614,62.83
14-04-2021,612,66.11
15-04-2021,608,66.13
16-04-2021,605,65.98
19-04-2021,603,66.54
20-04-2021,600,65.34
21-04-2021,603,64.02
22-04-2021,605,65.07
23-04-2021,604,65.75
26-04-2021,603,65.5
27-04-2021,603,66.25
28-04-2021,604,67.08
29-04-2021,605,68.26
30-04-2021,606,67.73
04-05-2021,602,68.91
05-05-2021,604,69.71
06-05-2021,604,68.62
07-05-2021,607,68.73
10-05-2021,605,68.61
11-05-2021,606,68.83
12-05-2021,613,69.62
13-05-2021,610,67.36
14-05-2021,610,69.24
17-05-2021,610,69.62
18-05-2021,611,69.01
19-05-2021,606,66.88
20-05-2021,610,65.18
21-05-2021,615,66.72
24-05-2021,613,68.59
25-05-2021,614,68.8
26-05-2021,610,68.93
27-05-2021,605,69.43
28-05-2021,604,69.36
01-06-2021,598,70.03
02-06-2021,595,70.6
03-06-2021,589,70.71
04-06-2021,585,71.3
07-06-2021,583,70.89
08-06-2021,579,71.39
09-06-2021,581,71.31
10-06-2021,580,71.65
11-06-2021,581,72.05
14-06-2021,582,72.27
15-06-2021,583,73.38
16-06-2021,586,73.88
17-06-2021,588,72.92
18-06-2021,592,73.1
21-06-2021,604,74.49
22-06-2021,615,74.92
23-06-2021,621,75.22
24-06-2021,624,75.95
25-06-2021,624,76.45
28-06-2021,614,74.78
29-06-2021,605,75.38
30-06-2021,598,76.94
01-07-2021,592,76.69
02-07-2021,590,77.51
05-07-2021,586,78.34
06-07-2021,591,75.81
07-07-2021,588,74.31
08-07-2021,588,75.07
09-07-2021,586,77.14
12-07-2021,583,76.77
13-07-2021,582,77.5
14-07-2021,580,75.74
15-07-2021,585,74.53
16-07-2021,589,74.46
19-07-2021,590,69.33
20-07-2021,590,70.03
21-07-2021,591,72.54
22-07-2021,593,74.25
23-07-2021,593,74.86
26-07-2021,592,74.79
27-07-2021,594,74.87
28-07-2021,598,75.09
29-07-2021,604,76.3
30-07-2021,604,77.72
02-08-2021,605,73.91
03-08-2021,604,73.24
04-08-2021,607,70.99
05-08-2021,607,72.14
06-08-2021,609,71.02
09-08-2021,608,69.65
10-08-2021,608,71.14
11-08-2021,608,71.99
12-08-2021,609,71.79
13-08-2021,613,70.9
16-08-2021,610,70.07
17-08-2021,608,69.4
18-08-2021,607,68.61
19-08-2021,608,66.8
20-08-2021,610,65.51
23-08-2021,607,69.07
24-08-2021,605,71.21
25-08-2021,603,72.12
26-08-2021,604,70.42
27-08-2021,604,72.26
31-08-2021,610,73.45
01-09-2021,613,71.99
02-09-2021,617,73.56
03-09-2021,616,73.07
06-09-2021,615,72.43
07-09-2021,610,71.52
08-09-2021,604,72.36
09-09-2021,609,71.32
10-09-2021,611,72.44
13-09-2021,612,72.97
14-09-2021,614,73.05
15-09-2021,618,74.84
16-09-2021,616,75.14
17-09-2021,608,74.64
20-09-2021,608,73.59
21-09-2021,607,73.65
22-09-2021,610,75.5
23-09-2021,614,76.44
24-09-2021,614,77.42
27-09-2021,616,78.85
28-09-2021,618,78.3
29-09-2021,623,77.86
30-09-2021,626,77.81
01-10-2021,630,79.4
04-10-2021,635,81.44
05-10-2021,649,82.72
06-10-2021,662,81.39
07-10-2021,668,82.34
08-10-2021,680,82.17
11-10-2021,692,83.75
12-10-2021,701,83.53
13-10-2021,710,83.53
14-10-2021,719,83.86
15-10-2021,726,84.67
18-10-2021,727,84.13
19-10-2021,737,85.02
20-10-2021,743,85.76
21-10-2021,755,84.58
22-10-2021,768,85.43
25-10-2021,784,84.85
26-10-2021,793,85.11
27-10-2021,796,84.12
28-10-2021,800,83.4
29-10-2021,797,83.1
01-11-2021,794,84.51
02-11-2021,793,84.42
03-11-2021,794,81.1
04-11-2021,798,80.15
05-11-2021,817,82.43
08-11-2021,828,83.22
09-11-2021,835,84.52
10-11-2021,833,82.91
11-11-2021,835,83.4
12-11-2021,821,82.9
15-11-2021,812,81.94
16-11-2021,802,82.85
17-11-2021,795,80.67
18-11-2021,788,82.45
19-11-2021,780,80.24
22-11-2021,763,80.97
23-11-2021,753,83.43
24-11-2021,744,82.37
25-11-2021,745,82.05
26-11-2021,738,72.37
29-11-2021,731,73.34
30-11-2021,721,70.86
01-12-2021,720,69.53
02-12-2021,727,70.56
03-12-2021,737,70.71
06-12-2021,754,73.38
07-12-2021,764,75.54
08-12-2021,771,75.94
09-12-2021,777,74.1
10-12-2021,785,74.98
13-12-2021,788,74.12
14-12-2021,795,73.37
15-12-2021,803,73.71
16-12-2021,801,74.64
17-12-2021,803,72.97
20-12-2021,804,70.51
21-12-2021,801,72.85
22-12-2021,788,74.69
23-12-2021,788,76.26
24-12-2021,786,75.24
04-01-2022,722,79.39
05-01-2022,711,80.6
06-01-2022,711,81.99
07-01-2022,705,82.28
10-01-2022,704,81.56
11-01-2022,698,84.98
12-01-2022,694,85.83
13-01-2022,698,85.8
14-01-2022,698,87.17
17-01-2022,697,87.82
18-01-2022,694,88.83
19-01-2022,692,89.64
20-01-2022,691,89.75
21-01-2022,692,89.75
24-01-2022,692,87.74
25-01-2022,691,89.49
26-01-2022,682,91.22
27-01-2022,685,90.7
28-01-2022,687,91.47
31-01-2022,689,92.35
01-02-2022,685,90.24
02-02-2022,682,91.43
03-02-2022,679,92.99
04-02-2022,679,96.86
07-02-2022,682,97.28
08-02-2022,681,96.07
09-02-2022,682,94.95
10-02-2022,681,96.37
11-02-2022,687,97.5
14-02-2022,690,101.66
15-02-2022,691,98.43
16-02-2022,692,97.44
17-02-2022,694,95.28
18-02-2022,699,96.18
21-02-2022,706,98.95
22-02-2022,715,98.73
23-02-2022,725,99.29
24-02-2022,904,101.29
25-02-2022,1147,98.56
28-02-2022,1343,103.08
01-03-2022,1449,110.93
02-03-2022,1466,118.94
03-03-2022,1497,115.36
04-03-2022,1474,123.86
07-03-2022,1517,129.02
08-03-2022,1424,133.18
09-03-2022,1349,116.58
10-03-2022,1333,114.54
11-03-2022,1312,118.11
14-03-2022,1297,110.39
15-03-2022,1279,105.14
16-03-2022,1268,104.61
17-03-2022,1225,113.5
18-03-2022,1127,114.32
21-03-2022,1105,122.29
22-03-2022,1092,121.53
23-03-2022,1093,127.52
24-03-2022,1093,123.98
25-03-2022,1112,122.67
28-03-2022,1141,114.5
29-03-2022,1163,112.79
30-03-2022,1223,115.59
31-03-2022,1279,107.29
01-04-2022,1321,106.13
04-04-2022,1369,108.15
05-04-2022,1469,106.6
06-04-2022,1547,100.81
07-04-2022,1653,99.83
08-04-2022,1677,101.26
11-04-2022,1730,97.92
12-04-2022,1744,104.42
13-04-2022,1728,108.49
14-04-2022,1714,110.83
19-04-2022,1680,105.49
20-04-2022,1589,105.05
21-04-2022,1518,107.2
22-04-2022,1465,105.15
25-04-2022,1382,99.27
26-04-2022,1296,102.89
27-04-2022,1234,103.3
28-04-2022,1245,105.78
29-04-2022,1253,108.36
03-05-2022,1233,104.94
04-05-2022,1226,110.53
05-05-2022,1182,112.11
06-05-2022,1162,113.86
09-05-2022,1160,106.67
10-05-2022,1167,102.61
11-05-2022,1155,107.7
12-05-2022,1140,108.06
13-05-2022,1133,112.12
16-05-2022,1125,114.86
17-05-2022,1110,112.89
18-05-2022,1083,110.04
19-05-2022,1101,113.22
20-05-2022,1111,113.63
23-05-2022,1114,115.13
24-05-2022,1119,115.77
25-05-2022,1122,116.41
26-05-2022,1126,119.81
27-05-2022,1128,121.19
30-05-2022,1121,123.01
31-05-2022,1119,125.53
01-06-2022,1104,122.2
06-06-2022,1088,124.99
07-06-2022,1089,126.89
08-06-2022,1090,129.2
09-06-2022,1093,128.47
10-06-2022,1126,127.44
13-06-2022,1132,128.44
14-06-2022,1147,127.02
15-06-2022,1168,124.96
16-06-2022,1199,125.78
17-06-2022,1205,119.22
20-06-2022,1204,118.25
21-06-2022,1207,118.51
22-06-2022,1214,115.54
23-06-2022,1222,114.5
24-06-2022,1219,117.36
27-06-2022,1215,119.69
28-06-2022,1212,122.21
29-06-2022,1225,120.8
30-06-2022,1234,119.78
01-07-2022,1224,119.21
04-07-2022,1222,121.8
05-07-2022,1226,110.49
06-07-2022,1260,108.54
07-07-2022,1286,113.4
08-07-2022,1333,113.95
11-07-2022,1363,114.85
12-07-2022,1373,106.98
13-07-2022,1378,107.17
14-07-2022,1369,107.74
15-07-2022,1369,112.26
18-07-2022,1413,117.27
19-07-2022,1448,114.96
20-07-2022,1467,115.86
21-07-2022,1481,112.81
22-07-2022,1485,106.77
25-07-2022,1483,108.23
26-07-2022,1468,107.32
27-07-2022,1446,109.64
28-07-2022,1442,109.68
29-07-2022,1466,111.51
01-08-2022,1472,106.09
02-08-2022,1474,106.51
03-08-2022,1454,101.82
04-08-2022,1437,97.99
05-08-2022,1448,100.31
08-08-2022,1451,103.46
09-08-2022,1455,103.81
10-08-2022,1463,105.06
11-08-2022,1469,107.19
12-08-2022,1475,103.7
15-08-2022,1488,98.25
16-08-2022,1515,95.36
17-08-2022,1547,97.22
18-08-2022,1553,96.35
19-08-2022,1554,96.45
22-08-2022,1548,95.06
23-08-2022,1549,99.49
24-08-2022,1542,99.87
25-08-2022,1550,98.81
26-08-2022,1554,101.13
30-08-2022,1526,99.34
31-08-2022,1512,96.55
01-09-2022,1504,92.24
02-09-2022,1489,93.09
05-09-2022,1471,94.22
06-09-2022,1439,91.43
07-09-2022,1420,86.83
08-09-2022,1416,87.99
09-09-2022,1432,91.68
12-09-2022,1439,93.45
13-09-2022,1455,92.04
14-09-2022,1461,92.83
15-09-2022,1464,89.28
16-09-2022,1492,89.43
20-09-2022,1508,89.62
21-09-2022,1501,89.86
22-09-2022,1497,90.4
23-09-2022,1498,84.29
26-09-2022,1507,82.55
27-09-2022,1506,85.97
28-09-2022,1497,89.55
29-09-2022,1484,89.41
30-09-2022,1477,88.9
03-10-2022,1476,90.68
04-10-2022,1462,93.74
05-10-2022,1457,94.35
06-10-2022,1461,95.65
07-10-2022,1461,98.88
10-10-2022,1459,97.13
11-10-2022,1465,95.17
12-10-2022,1481,93.44
13-10-2022,1514,95.16
14-10-2022,1554,92.22
17-10-2022,1621,91.04
18-10-2022,1693,89.46
19-10-2022,1710,91.34
20-10-2022,1725,91.52
21-10-2022,1737,91.82
24-10-2022,1791,91.57
25-10-2022,1793,91.76
26-10-2022,1804,92.93
27-10-2022,1816,94.17
28-10-2022,1823,94.64
31-10-2022,1827,93.3
01-11-2022,1811,95.12
02-11-2022,1819,96.07
03-11-2022,1828,95.29
04-11-2022,1836,99.53
07-11-2022,1842,99.87
08-11-2022,1857,96.85
09-11-2022,1874,93.05
10-11-2022,1885,94.25
11-11-2022,1894,96.37
14-11-2022,1906,93.59
15-11-2022,1961,94.3
16-11-2022,2033,92.61
17-11-2022,2197,91
18-11-2022,2365,88.93
21-11-2022,2459,88.44
22-11-2022,2496,88.65
23-11-2022,2495,85.9
24-11-2022,2487,85.59
25-11-2022,2494,83.4
28-11-2022,2468,83.5
29-11-2022,2433,83.22
30-11-2022,2353,85.61
01-12-2022,2260,86.28
02-12-2022,2220,86.54
05-12-2022,2196,83.36
06-12-2022,2112,79.92
07-12-2022,2095,77.11
08-12-2022,2089,76.02
09-12-2022,2110,76.37
12-12-2022,2106,78
13-12-2022,2086,80.14
14-12-2022,2079,83.33
15-12-2022,2092,82.34
16-12-2022,2078,80.2
19-12-2022,2043,81.66
20-12-2022,1951,79.45
21-12-2022,1921,80.25
22-12-2022,1887,79.58
23-12-2022,1873,82.45
03-01-2023,1465,80.36
04-01-2023,1430,75.31
05-01-2023,1396,76.73
06-01-2023,1391,76.41
09-01-2023,1392,77.5
10-01-2023,1423,78.4
11-01-2023,1427,81.11
12-01-2023,1441,82.59
13-01-2023,1445,83.43
16-01-2023,1445,82.65
17-01-2023,1427,84.38
18-01-2023,1421,83.78
19-01-2023,1412,85.08
20-01-2023,1415,86.96
23-01-2023,1411,87.54
24-01-2023,1384,85.25
25-01-2023,1353,85.08
26-01-2023,1336,86.29
27-01-2023,1323,85.36
30-01-2023,1302,84.9
31-01-2023,1275,83.42
01-02-2023,1260,81.61
02-02-2023,1256,80.57
03-02-2023,1239,78.85
06-02-2023,1224,80.48
07-02-2023,1218,82.92
08-02-2023,1213,84.17
09-02-2023,1205,83.46
10-02-2023,1206,85.46
13-02-2023,1204,85.98
14-02-2023,1203,84.96
15-02-2023,1212,84.11
16-02-2023,1244,83.84
17-02-2023,1261,81.97
20-02-2023,1278,82.79
21-02-2023,1306,82.14
22-02-2023,1304,79.55
23-02-2023,1324,82.08
24-02-2023,1338,82.31
27-02-2023,1363,81.24
28-02-2023,1414,83.21
01-03-2023,1455,83.68
02-03-2023,1472,84.15
03-03-2023,1483,85.74
06-03-2023,1485,85.86
07-03-2023,1487,83.03
08-03-2023,1495,82.1
09-03-2023,1511,81
10-03-2023,1487,82.3
13-03-2023,1478,79.67
14-03-2023,1480,76.77
15-03-2023,1516,74.3
16-03-2023,1541,73.12
17-03-2023,1579,71.03
20-03-2023,1611,72.42
21-03-2023,1642,74.78
22-03-2023,1648,76.08
23-03-2023,1642,74.31
24-03-2023,1622,73.63
27-03-2023,1587,76.8
28-03-2023,1545,78.07
29-03-2023,1508,77.51
30-03-2023,1481,78.45
31-03-2023,1428,79.19
03-04-2023,1363,85.81
04-04-2023,1334,85.7
05-04-2023,1332,85.89
06-04-2023,1319,86.56
11-04-2023,1295,87.32
12-04-2023,1276,88.31
13-04-2023,1256,86.51
14-04-2023,1242,87.31
17-04-2023,1219,85.63
18-04-2023,1197,85.48
19-04-2023,1174,85.34
20-04-2023,1146,83.29
21-04-2023,1146,83.36
24-04-2023,1137,84.23
25-04-2023,1118,82.13
26-04-2023,1068,79.19
27-04-2023,1053,80.11
28-04-2023,1046,81.32
02-05-2023,1033,76.71
03-05-2023,1061,72.91
04-05-2023,1077,73
05-05-2023,1072,75.85
09-05-2023,1080,77.76
10-05-2023,1159,76.7
11-05-2023,1218,75.32
12-05-2023,1252,74.54
15-05-2023,1280,75.46
16-05-2023,1299,75.15
17-05-2023,1318,76.98
18-05-2023,1312,75.75
19-05-2023,1306,75.42
22-05-2023,1276,75.77
23-05-2023,1268,76.66
24-05-2023,1257,77.99
25-05-2023,1238,75.66
26-05-2023,1156,76.33
30-05-2023,1124,73.38
31-05-2023,1105,71.98
01-06-2023,1091,74.18
02-06-2023,1068,76
05-06-2023,1041,76.61
06-06-2023,1036,76.22
07-06-2023,1039,76.85
08-06-2023,1039,75.88
09-06-2023,1049,74.74
12-06-2023,1086,71.8
13-06-2023,1111,74.24
14-06-2023,1140,73.39
15-06-2023,1148,75.75
16-06-2023,1175,76.76
19-06-2023,1184,76.09
20-06-2023,1181,75.79
21-06-2023,1141,76.92
22-06-2023,1103,73.93
23-06-2023,1070,73.56
26-06-2023,1058,73.86
27-06-2023,1046,71.88
28-06-2023,1017,73.64
29-06-2023,1008,73.86
30-06-2023,1014,74.51
03-07-2023,1003,74.52
04-07-2023,988,76.23
05-07-2023,974,76.74
06-07-2023,945,76.72
07-07-2023,934,78.77
10-07-2023,925,77.83
11-07-2023,923,79.54
12-07-2023,921,80.35
13-07-2023,929,81.31
14-07-2023,959,79.9
17-07-2023,970,77.8
18-07-2023,975,79.54
19-07-2023,962,79.38
20-07-2023,947,79.62
21-07-2023,940,81.06
24-07-2023,929,82.53
25-07-2023,910,83.46
26-07-2023,899,82.98
27-07-2023,881,84.28
28-07-2023,873,84.49
31-07-2023,851,85.22
01-08-2023,840,85.34
02-08-2023,821,84.01
03-08-2023,810,86.19
04-08-2023,800,87.38
07-08-2023,798,86.47
08-08-2023,800,88
09-08-2023,799,89.31
10-08-2023,799,87.44
11-08-2023,802,87.93
14-08-2023,801,87.4
15-08-2023,798,86.28
16-08-2023,806,84.49
17-08-2023,809,85.24
18-08-2023,803,85.92
21-08-2023,802,85.44
22-08-2023,804,84.7
23-08-2023,802,83.94
24-08-2023,797,84.07
25-08-2023,793,85.42
29-08-2023,776,86.37
30-08-2023,764,86.62
31-08-2023,752,87.29
01-09-2023,740,89.98
04-09-2023,732,90.42
05-09-2023,728,91.25
06-09-2023,725,91.79
07-09-2023,715,91.16
08-09-2023,713,91.85
11-09-2023,714,91.97
12-09-2023,716,93.58
13-09-2023,722,93.04
14-09-2023,733,95.2
15-09-2023,740,95.55
18-09-2023,742,95.95
19-09-2023,749,96.11
20-09-2023,768,94.56
21-09-2023,776,93.7
22-09-2023,790,93.99
25-09-2023,799,94.01
26-09-2023,810,94.46
27-09-2023,814,97.1
28-09-2023,821,96.64
29-09-2023,827,95.86
02-10-2023,839,91.21
03-10-2023,842,94.46
04-10-2023,846,89.83
05-10-2023,854,88.28
06-10-2023,871,87.86
09-10-2023,881,91.37
10-10-2023,911,90.7
11-10-2023,955,87.58
12-10-2023,1054,88.4
13-10-2023,1149,94.33
16-10-2023,1221,90.99
17-10-2023,1244,92.52
18-10-2023,1272,91.99
19-10-2023,1274,93.12
20-10-2023,1286,93.72
23-10-2023,1316,91.88
24-10-2023,1331,88
25-10-2023,1348,90.14
26-10-2023,1372,88.45
27-10-2023,1414,90.73
30-10-2023,1453,90.73
31-10-2023,1483,86.82
01-11-2023,1487,86.92
02-11-2023,1462,89.02
03-11-2023,1465,87.55
06-11-2023,1447,87.31
07-11-2023,1433,83.43
08-11-2023,1424,81.46
09-11-2023,1404,81.74
10-11-2023,1392,83.66
13-11-2023,1373,84.09
14-11-2023,1345,84.2
15-11-2023,1337,82.4
16-11-2023,1336,77.73
17-11-2023,1317,81.22
20-11-2023,1310,83.25
21-11-2023,1263,82.42
22-11-2023,1240,81.76
23-11-2023,1233,80.85
24-11-2023,1233,79.82
27-11-2023,1222,79.49
28-11-2023,1207,81.66
29-11-2023,1192,82.98
30-11-2023,1184,81.72
01-12-2023,1172,78.72
04-12-2023,1171,78.16
05-12-2023,1173,77.27
06-12-2023,1167,74.33
07-12-2023,1145,74.21
08-12-2023,1129,75.94
11-12-2023,1118,75.75
12-12-2023,1103,74.11
13-12-2023,1090,74.14
14-12-2023,1092,77.05
15-12-2023,1103,76.84
18-12-2023,1116,78.89
19-12-2023,1141,79.82
20-12-2023,1181,81.1
21-12-2023,1197,80.73
22-12-2023,1200,80.23
02-01-2024,1258,76.24
03-01-2024,1295,77.18
04-01-2024,1328,75.79
05-01-2024,1384,78.31
08-01-2024,1416,75.47
09-01-2024,1452,77.97
10-01-2024,1457,78.46
11-01-2024,1464,80.21
12-01-2024,1473,79.89
15-01-2024,1522,79.76
16-01-2024,1552,80.15
17-01-2024,1542,78.88
18-01-2024,1500,81.04
19-01-2024,1423,80.71
22-01-2024,1393,81.7
23-01-2024,1343,82.04
24-01-2024,1328,82.15
25-01-2024,1326,82.33
26-01-2024,1347,83.34
29-01-2024,1346,83.99
30-01-2024,1319,84.14
31-01-2024,1306,82.98
01-02-2024,1295,82.2
02-02-2024,1287,79.54
05-02-2024,1274,79.3
06-02-2024,1262,80.46
07-02-2024,1254,81.18
08-02-2024,1255,83.01
09-02-2024,1268,83.58
12-02-2024,1285,83.88
13-02-2024,1296,84.72
14-02-2024,1304,84.41
15-02-2024,1336,84.33
16-02-2024,1341,84.88
19-02-2024,1338,85.52
20-02-2024,1324,84.78
21-02-2024,1286,84.77
22-02-2024,1237,85.84
23-02-2024,1209,84.18
26-02-2024,1191,84.01
27-02-2024,1180,83.8
28-02-2024,1156,84.08
29-02-2024,1145,84.57
01-03-2024,1142,84.82
04-03-2024,1145,86.58
05-03-2024,1190,85.82
06-03-2024,1192,86.59
07-03-2024,1188,84.88
08-03-2024,1186,84.29
11-03-2024,1189,83.44
12-03-2024,1189,83.66
13-03-2024,1198,83.95
14-03-2024,1197,86.16
15-03-2024,1202,85.39
18-03-2024,1212,86.47
19-03-2024,1205,87.36
20-03-2024,1193,85.77
21-03-2024,1173,84.92
22-03-2024,1161,84.87
25-03-2024,1159,86.18
26-03-2024,1154,85.91
27-03-2024,1141,84.94
28-03-2024,1137,86.17
02-04-2024,1129,87.63
03-04-2024,1123,90.6
04-04-2024,1127,90.32
05-04-2024,1122,92.81
08-04-2024,1114,91.73
09-04-2024,1165,92.13
10-04-2024,1195,91.57
11-04-2024,1205,91.49
12-04-2024,1202,93.12
15-04-2024,1194,90.84
16-04-2024,1173,91.29
17-04-2024,1134,89.54
18-04-2024,1128,88.34
19-04-2024,1114,87.96
22-04-2024,1108,87.3
23-04-2024,1088,88.29
24-04-2024,1096,89.02
25-04-2024,1100,88.1
26-04-2024,1112,89.95
29-04-2024,1120,88.44
30-04-2024,1123,88.23
01-05-2024,1117,83.55
02-05-2024,1113,84.81
03-05-2024,1122,83.6
07-05-2024,1129,82.69
08-05-2024,1139,82.44
09-05-2024,1148,83.27
10-05-2024,1155,83.39
13-05-2024,1150,83.18
14-05-2024,1150,81
15-05-2024,1153,79.98
16-05-2024,1178,81.65
17-05-2024,1195,82.24
20-05-2024,1205,81.91
21-05-2024,1234,81.22
22-05-2024,1236,79.9
23-05-2024,1231,79.25
24-05-2024,1234,78.92
28-05-2024,1240,81.34
29-05-2024,1232,81.5
30-05-2024,1234,81.42
31-05-2024,1241,79.41
03-06-2024,1237,76.45
04-06-2024,1238,75.33
05-06-2024,1251,75.41
06-06-2024,1246,77.62
07-06-2024,1267,78.12
10-06-2024,1266,79.59
11-06-2024,1265,80.15
12-06-2024,1267,80.52
13-06-2024,1253,81.44
14-06-2024,1240,81.49
17-06-2024,1231,82.45
18-06-2024,1226,84.79
19-06-2024,1224,85.64
20-06-2024,1218,85.92
21-06-2024,1205,86.42
24-06-2024,1190,86.75
25-06-2024,1181,86.81
26-06-2024,1177,85.76
27-06-2024,1161,87
28-06-2024,1150,87.26
01-07-2024,1142,86.57
02-07-2024,1127,88.28
03-07-2024,1121,88.25
04-07-2024,1108,88.34
05-07-2024,1102,88.66
08-07-2024,1078,87.15
09-07-2024,1064,86.48
10-07-2024,1059,86.55
11-07-2024,1062,86.49
12-07-2024,1064,87.35
15-07-2024,1057,86.42
16-07-2024,1054,86.6
17-07-2024,1046,85.76
18-07-2024,1044,86.26
19-07-2024,1056,85.19
22-07-2024,1054,83.44
23-07-2024,1055,82.2
24-07-2024,1044,83.01
25-07-2024,1036,82.58
26-07-2024,1023,81.35
29-07-2024,1017,80.94
30-07-2024,1003,79.26
31-07-2024,972,81.39
01-08-2024,960,81.37
02-08-2024,952,78.35
05-08-2024,940,77.51
06-08-2024,935,76.62
07-08-2024,930,78.26
08-08-2024,927,80.76
09-08-2024,922,81.07
12-08-2024,915,83.06
13-08-2024,904,82.51
14-08-2024,903,82.15
15-08-2024,928,83.09
16-08-2024,936,81.56
19-08-2024,940,81.09
20-08-2024,943,78.85
21-08-2024,939,78.77
22-08-2024,925,78.8
23-08-2024,920,80.34
27-08-2024,911,81.51
28-08-2024,897,80.04
29-08-2024,884,81.55
30-08-2024,881,80.2
02-09-2024,872,77.82
03-09-2024,868,76.46
04-09-2024,864,74.67
05-09-2024,866,74.47
06-09-2024,870,72.82
09-09-2024,880,72.37
10-09-2024,885,70.34
11-09-2024,885,70.31
12-09-2024,883,73.81
13-09-2024,883,73.68
16-09-2024,882,73.96
17-09-2024,888,74.55
18-09-2024,889,74.52
19-09-2024,897,75.93
20-09-2024,894,75.96
23-09-2024,888,74.95
24-09-2024,876,75.29
25-09-2024,865,75.4
26-09-2024,860,73.06
27-09-2024,862,71.63
30-09-2024,863,72.35
01-10-2024,867,75.3
02-10-2024,951,74.86
03-10-2024,1039,77.57
04-10-2024,1060,79.32
07-10-2024,1058,81.74
08-10-2024,1040,78.19
09-10-2024,1024,77.06
10-10-2024,1038,79.45
11-10-2024,1036,80.27
14-10-2024,1038,78.47
15-10-2024,1039,73.68
16-10-2024,1036,73.65
17-10-2024,1037,74.37
18-10-2024,1043,72.75
21-10-2024,1044,73.29
22-10-2024,1054,75.59
23-10-2024,1044,74.68
24-10-2024,1041,74.27
25-10-2024,1036,75.62
28-10-2024,1013,71.87
29-10-2024,992,71.09
30-10-2024,971,73.21
31-10-2024,966,73.25
01-11-2024,957,73.63
04-11-2024,950,74.89
05-11-2024,944,76.98
06-11-2024,931,76.52
07-11-2024,922,75.73
08-11-2024,913,74.04
11-11-2024,910,72.19
12-11-2024,902,72.56
13-11-2024,889,72.86
14-11-2024,889,73.39
15-11-2024,890,73.45
18-11-2024,907,74.35
19-11-2024,924,74.32
20-11-2024,915,74.33
21-11-2024,914,75.09
22-11-2024,908,76.1
25-11-2024,905,74.27
26-11-2024,889,74.56
27-11-2024,895,73.91
28-11-2024,893,73.92
29-11-2024,892,74.16
02-12-2024,890,72.81
03-12-2024,888,74.8
04-12-2024,926,74.68
05-12-2024,944,73.78
06-12-2024,943,73.78
09-12-2024,937,73.73
10-12-2024,932,73.64
11-12-2024,931,74.38
12-12-2024,929,73.52
13-12-2024,921,74.89
16-12-2024,922,74.3
17-12-2024,929,73.16
18-12-2024,918,74.57
19-12-2024,914,73.75
20-12-2024,925,73.19
23-12-2024,929,72.12
24-12-2024,927,73.5
02-01-2025,853,76.14
03-01-2025,841,76.72
06-01-2025,829,77.27
07-01-2025,814,77.84
08-01-2025,805,77.37
09-01-2025,799,78.44
10-01-2025,821,79.76
13-01-2025,855,82.69
14-01-2025,879,82.39
15-01-2025,884,83.48
16-01-2025,912,82.39
17-01-2025,912,83.02
20-01-2025,917,81.68
21-01-2025,902,80.57
22-01-2025,882,80
23-01-2025,856,78.62
24-01-2025,845,78.71
27-01-2025,840,77.3
28-01-2025,843,78.01
29-01-2025,850,77.02
30-01-2025,868,77.42
31-01-2025,876,77.11
03-02-2025,881,76.49
04-02-2025,898,76.58
05-02-2025,900,74.71
06-02-2025,903,74.54
07-02-2025,903,74.68
10-02-2025,899,76.23
11-02-2025,892,77.65
12-02-2025,890,75.38
13-02-2025,894,75.61
14-02-2025,910,75.19
17-02-2025,912,75.81
18-02-2025,918,76.46
19-02-2025,925,76.34
20-02-2025,920,76.95
21-02-2025,911,74.88
24-02-2025,900,74.89
25-02-2025,888,73.11
26-02-2025,882,73.49
27-02-2025,880,75.01
28-02-2025,885,74.76
03-03-2025,881,72.85
04-03-2025,884,72.31
05-03-2025,883,70.92
06-03-2025,881,71.08
07-03-2025,879,72.49
10-03-2025,881,71.08
11-03-2025,890,71.51
12-03-2025,911,72.36
13-03-2025,923,70.82
14-03-2025,941,71.94
17-03-2025,946,71.93
18-03-2025,953,71.93
19-03-2025,967,71.94
20-03-2025,979,72.61
21-03-2025,990,72.64
24-03-2025,994,73.96
25-03-2025,1011,73.78
26-03-2025,1069,74.6
27-03-2025,1102,74.72
28-03-2025,1105,74.69
31-03-2025,1107,77.23
01-04-2025,1102,77.78
02-04-2025,1121,77.27
03-04-2025,1111,72.54
04-04-2025,1112,68.36
07-04-2025,1101,66.13
08-04-2025,1106,64.86
09-04-2025,1114,67.3
10-04-2025,1123,65.37
11-04-2025,1132,66.83
14-04-2025,1137,67.18
15-04-2025,1138,66.58
16-04-2025,1138,67.94
17-04-2025,1152,69.33
22-04-2025,1138,68.93
23-04-2025,1138,68.26
24-04-2025,1142,67.5
25-04-2025,1142,66.99
28-04-2025,1136,66.13
29-04-2025,1127,64.04
30-04-2025,1114,63.37
01-05-2025,1108,62.37
02-05-2025,1085,61.57
06-05-2025,1056,62.37
07-05-2025,1020,60.31
08-05-2025,1005,62.22
09-05-2025,995,64.26
12-05-2025,991,65.28
13-05-2025,985,66.93
14-05-2025,987,65.91
15-05-2025,988,64.36
16-05-2025,988,65.2
19-05-2025,989,66.25
20-05-2025,989,66.93
21-05-2025,980,65.86
22-05-2025,974,64.87
23-05-2025,962,65.41
27-05-2025,947,64.32
28-05-2025,929,65.72
29-05-2025,910,64.6
30-05-2025,922,64.32
02-06-2025,938,66.55
03-06-2025,952,67.48
04-06-2025,959,66.69
05-06-2025,957,67.14
06-06-2025,951,68.02
09-06-2025,941,68.73
10-06-2025,930,68.41
11-06-2025,922,71.29
12-06-2025,909,70.84
13-06-2025,928,76
16-06-2025,987,75.05
17-06-2025,1019,78.7
18-06-2025,1034,78.38
19-06-2025,1040,80.37
20-06-2025,1054,78.73
23-06-2025,1099,74.34
24-06-2025,1109,69.13
25-06-2025,1066,68.4
26-06-2025,1022,68.57
27-06-2025,1002,69.37
30-06-2025,984,68.15
01-07-2025,973,67.63
02-07-2025,961,70.8
03-07-2025,950,70.42
04-07-2025,945,71.03
07-07-2025,935,71.95
08-07-2025,935,72.5
09-07-2025,932,71.98
10-07-2025,931,70.38
11-07-2025,929,72.06
14-07-2025,927,70.96
15-07-2025,927,70.27
16-07-2025,926,69.67
17-07-2025,929,71.32
18-07-2025,925,71.06
21-07-2025,909,71.92
22-07-2025,903,69.69
23-07-2025,899,69.17
24-07-2025,884,70.42
25-07-2025,882,69.23
28-07-2025,881,70.87
29-07-2025,887,73.21
30-07-2025,903,73.98
31-07-2025,921,73.43
01-08-2025,956,70.55
04-08-2025,965,69.56
05-08-2025,979,69.14
06-08-2025,1005,67.97
07-08-2025,1007,66.99
08-08-2025,1011,67.17
11-08-2025,1013,67.36
12-08-2025,1007,66.8
13-08-2025,1017,66.25
14-08-2025,1019,68.12
15-08-2025,1016,67.3
18-08-2025,1015,68.18
19-08-2025,999,66.62
20-08-2025,1010,67.61
21-08-2025,1029,68.41
22-08-2025,1042,68.29
26-08-2025,1036,66.89
27-08-2025,1036,67.75
28-08-2025,1043,68.61
29-08-2025,1045,67.83
01-09-2025,1039,67.09
02-09-2025,1041,68.09
03-09-2025,1048,67.76
04-09-2025,1053,66.41
05-09-2025,1066,64.92
08-09-2025,1071,65.44
09-09-2025,1069,67.97
10-09-2025,1071,67.62
11-09-2025,1096,67.25
12-09-2025,1114,67.87
15-09-2025,1128,67.88
16-09-2025,1137,69.69
17-09-2025,1144,69.19
18-09-2025,1147,67.83
19-09-2025,1143,67.05
22-09-2025,1128,66.87
23-09-2025,1123,67.96
24-09-2025,1129,69.64
25-09-2025,1136,70.48
26-09-2025,1148,71.15
29-09-2025,1144,69
30-09-2025,1128,68.52
01-10-2025,1104,66.67
02-10-2025,1092,65.44
03-10-2025,1087,66.13
06-10-2025,1093,67.09
07-10-2025,1085,67.1
08-10-2025,1078,67.42
09-10-2025,1079,67.23
10-10-2025,1119,64.41
13-10-2025,1141,64.15
14-10-2025,1152,63
15-10-2025,1160,62.33
16-10-2025,1181,61.08
17-10-2025,1207,61.23
20-10-2025,1218,60.71
21-10-2025,1236,61
22-10-2025,1226,62.28
23-10-2025,1234,66.32
24-10-2025,1256,65.8
27-10-2025,1271,65.52
28-10-2025,1288,64.03
29-10-2025,1365,65.01
30-10-2025,1430,65.11
31-10-2025,1436,65.44
03-11-2025,1436,65.79
04-11-2025,1414,65.04
05-11-2025,1403,63.54
06-11-2025,1403,63.41
07-11-2025,1401,63.72
10-11-2025,1394,63.01
11-11-2025,1395,63.86
12-11-2025,1407,61.88
13-11-2025,1440,62.14
14-11-2025,1453,63.45
17-11-2025,1456,63.16
18-11-2025,1445,64.86
19-11-2025,1426,63.78
20-11-2025,1443,63.64
21-11-2025,1457,62.78
24-11-2025,1463,64.83
25-11-2025,1468,63.99
26-11-2025,1463,64.81
27-11-2025,1458,64.18
28-11-2025,1452,64.07
01-12-2025,1432,64.22
02-12-2025,1420,63.37
03-12-2025,1407,63.75
04-12-2025,1395,64.15
05-12-2025,1384,64.42
08-12-2025,1380,63.3
09-12-2025,1371,62.62
10-12-2025,1379,63.12
11-12-2025,1392,61.87
12-12-2025,1396,62.11
15-12-2025,1392,61.55
16-12-2025,1389,59.93
17-12-2025,1414,60.61
18-12-2025,1402,60.69
19-12-2025,1401,61.35
22-12-2025,1387,62.22
23-12-2025,1343,63.7
24-12-2025,1319,63.7
02-01-2026,1207,61.98
05-01-2026,1188,63
06-01-2026,1181,62.1
07-01-2026,1165,61.08
08-01-2026,1211,63.34
09-01-2026,1259,65.11
12-01-2026,1296,65.4
13-01-2026,1347,67.58
14-01-2026,1410,68.87
15-01-2026,1500,66.16
16-01-2026,1562,66.97
19-01-2026,1598,66.91
20-01-2026,1572,67.68
21-01-2026,1588,66.72
22-01-2026,1619,65.46
23-01-2026,1626,68.16
26-01-2026,1631,67.7
27-01-2026,1646,70.28
28-01-2026,1646,70.9
29-01-2026,1653,71
30-01-2026,1702,72.25
02-02-2026,1732,67.72
03-02-2026,1672,70.01
04-02-2026,1678,71.15
05-02-2026,1679,69.87
06-02-2026,1691,70.45
09-02-2026,1710,71.19
10-02-2026,1727,71.01
11-02-2026,1721,71.52
12-02-2026,1713,69.8
13-02-2026,1719,69.96
16-02-2026,1739,70.81
17-02-2026,1747,69.77
18-02-2026,1743,71.78
19-02-2026,1766,73.17
20-02-2026,1787,72.75
23-02-2026,1809,71.9
24-02-2026,1842,71.21
25-02-2026,1885,70.69
26-02-2026,1944,71.66
27-02-2026,1991,71.32
02-03-2026,2322,77.24
03-03-2026,2866,83.28
04-03-2026,3002,81.56
05-03-2026,3083,88.59
06-03-2026,3069,95.74
09-03-2026,3040,94.35
10-03-2026,2924,89.84
11-03-2026,2835,90.98
12-03-2026,2684,102.38
13-03-2026,2586,103.23
16-03-2026,2849,101.04
17-03-2026,2850,108.39
18-03-2026,2743,118.09
19-03-2026,2842,111.05
20-03-2026,2962,118.42
23-03-2026,3120,103.79
24-03-2026,3572,108.42
25-03-2026,3618,109.14
26-03-2026,3716,113.39
27-03-2026,3737,121.47
30-03-2026,3723,121.88
31-03-2026,3705,126.69
01-04-2026,3678,119.56
02-04-2026,3639,127.61
